Facility Owner,Count,% of Total,Search Company Name
"Digital Realty Trust, Inc.",492,3.45,Digital Realty
"Amazon.com, Inc.",453,3.18,Amazon
"Equinix, Inc.",396,2.78,Equinix
Microsoft Corporation,345,2.42,Microsoft
China Telecom Corporation Limited,300,2.1,China Telecom
NTT Global Data Centers Preparatory Corporation,247,1.73,NTT Global Data Centers
Alphabet Inc.,235,1.65,Google
"Lumen Technologies, Inc.",208,1.46,Lumen
China Mobile Limited,179,1.26,China Mobile
"China United Network Communications Group Co., Ltd.",175,1.23,China Unicom
GDS Holdings Limited,162,1.14,GDS
"Meta Platforms, Inc.",160,1.12,Meta
"Cogent Communications Holdings, Inc.",155,1.09,Cogent Communications
"Vantage Data Centers Management Company, LLC",144,1.01,Vantage Data Centers
"QTS Realty Trust, LLC",144,1.01,QTS
"Stack Infrastructure, Inc.",137,0.96,STACK Infrastructure
CyrusOne Inc.,112,0.79,CyrusOne
KDDI Corporation,101,0.71,KDDI
Mapletree Industrial Trust,85,0.6,Mapletree Industrial Trust
Verizon Communications Inc.,84,0.59,Verizon
"DataBank Holdings, Ltd.",82,0.57,DataBank
EdgeConneX Inc.,81,0.57,EdgeConneX
"VNET Group, Inc.",81,0.57,VNET
Colt Technology Services Limited,71,0.5,Colt
"Compass Datacenters, LLC",69,0.48,Compass Datacenters
EXA Infrastructure,68,0.48,EXA Infrastructure
Tencent Holdings Limited - 騰訊控股有限公司,68,0.48,Tencent
"Iron Mountain Data Centers, LLC",63,0.44,Iron Mountain
cloudHQ LLC,62,0.43,cloudHQ
Alibaba Group Holding Limited,61,0.43,Alibaba
Data4 Group,60,0.42,Data4
"Aligned Data Centers (Phoenix), LLC",58,0.41,Aligned Data Centers
CoreSite Realty Corporation,58,0.41,CoreSite
GLP Global Ventures Limited,56,0.39,GLP
Global Switch Holdings Limited,55,0.39,Global Switch
"Cologix, Inc.",54,0.38,Cologix
"Beijing Sinnet Technology Co.,Ltd",53,0.37,Sinnet
Flexential Inc.,52,0.36,Flexential
Khazna Data Center Limited,49,0.34,Khazna
Scala Data Centers S.A.,48,0.34,Scala Data Centers
Centersquare,47,0.33,Centersquare
"Shanghai @hub Co.,Ltd.",44,0.31,Shanghai @hub
Keppel DC REIT,43,0.3,Keppel
Tract,43,0.3,Tract
"TierPoint, LLC",43,0.3,TierPoint
Sabey Data Center Properties LLC,42,0.29,Sabey Data Centers
Range IDC,39,0.27,Range IDC
nLighten Deutschland GmbH,38,0.27,nLighten
Crown Castle Inc.,37,0.26,Crown Castle
"Switch, Inc.",37,0.26,Switch
Ascenty Data Centers e Telecomunicações S.A.,37,0.26,Ascenty
ChinData Group,37,0.26,Chindata
Colt Data Centre Services UK Limited,35,0.25,Colt DCS
atNorth ehf,34,0.24,atNorth
Retelit S.p.A.,34,0.24,Retelit
"Shanghai Baosight Software Co.,Ltd.",34,0.24,Shanghai Baosight Software
AirTrunk Pte Ltd.,34,0.24,AirTrunk
PowerHouse Data Centers,33,0.23,PowerHouse Data Centers
"Stream Data Centers, L.P.",33,0.23,Stream Data Centers
NEXTDC Limited,32,0.22,NEXTDC
Apple Inc.,32,0.22,Apple
Hotwon Group,32,0.22,Hotwon Group
"Prime Data Centers, Corp.",31,0.22,Prime Data Centers
Orange Business Services SA,31,0.22,Orange Business
Princeton Digital Group (Singapore) Pte. Limited,31,0.22,Princeton Digital Group
NTT DATA Group Corporation,31,0.22,NTT DATA
Atlasedge Data Centres,30,0.21,AtlasEdge
LG Uplus Corp.,30,0.21,LG Uplus
"Skybox Datacenters, LLC",30,0.21,Skybox Datacenters
Telstra Group Limited,30,0.21,Telstra
SixSigma Networks Mexico SA de CV,30,0.21,SixSigma Networks Mexico
Telia Company AB (publ),30,0.21,Telia
Nippon Telegraph and Telephone East Corporation,29,0.2,NTT East
"Sino-Ocean Capital Co., Ltd.",29,0.2,Sino-Ocean Capital
Cirion Technologies,29,0.2,Cirion
"T5 Data Centers, LLC",29,0.2,T5 Data Centers
Bridge Data Centres (International) Pte. Ltd.,28,0.2,Bridge Data Centres
COPT Defense Properties,28,0.2,COPT Defense Properties
Green Mountain AS,28,0.2,Green Mountain
Hoyinn Data,28,0.2,Hoyinn Data
Menlo Equities VI LP,27,0.19,Menlo Equities VI
TPG Telecom Limited,27,0.19,TPG Telecom
ST Telemedia,27,0.19,ST Telemedia
Sify Technologies Limited,27,0.19,Sify
H5 Data Centers LLC,27,0.19,H5 Data Centers
euNetworks Holdings Limited,27,0.19,euNetworks
STT Global Data Centres India Private Limited,25,0.18,STT GDC
SoftBank Group Corp.,25,0.18,SoftBank
PT. Telekomunikasi Indonesia International,25,0.18,Telkom Indonesia
"Cellnex Telecom, S.A.",25,0.18,Cellnex
Internet Initiative Japan Inc.,25,0.18,IIJ
NorthC Group B.V.,24,0.17,NorthC
"Zayo Group Holdings, Inc.",24,0.17,Zayo
Nxtra Data Limited,24,0.17,Nxtra
Crusoe Energy Systems LLC,24,0.17,Crusoe
"Baidu, Inc.",24,0.17,Baidu
Homer City Redevelopment,24,0.17,Homer City Redevelopment
Public Joint Stock Company Rostelecom,24,0.17,Rostelecom
"Guangdong Aofei Data Technology Co., Ltd.",23,0.16,Guangdong Aofei Data Technology
"365 Data Centers Services, LLC",22,0.15,365 Data Centers
"ServerFarm, LLC",22,0.15,Serverfarm
CtrlS Datacenters Ltd.,22,0.15,CtrlS
Tata Communications Limited,22,0.15,Tata Communications
VIRTUS Data Centres Ltd.,22,0.15,VIRTUS
NEC Corporation,21,0.15,NEC
CapitaLand Group Pte. Ltd.,21,0.15,CapitaLand
3data,21,0.15,3data
CDC Data Centres,21,0.15,CDC Data Centres
"SK Broadband Co., Ltd.",21,0.15,SK Broadband
Global Connect LLC,21,0.15,Global Connect
AIMS Data Centre Sdn Bhd,20,0.14,AIMS
Edged Energy,20,0.14,Edged Energy
Vocus Group Limited,20,0.14,Vocus
"Guangdong Cloud Base Technology Co., Ltd.",20,0.14,Guangdong Cloud Base Technology
"EdgeCore Internet Real Estate, LLC",20,0.14,EdgeCore
Karis Critical,20,0.14,Karis Critical
"Centrin Data Systems Co., Ltd.",20,0.14,Centrin Data Systems
"Guangzhou Boda Data Technology Co., Ltd.",20,0.14,Guangzhou Boda Data Technology
"Netrality Property Trust, LLC",19,0.13,Netrality
"MARA Holdings, Inc.",19,0.13,MARA
Fujitsu Limited,19,0.13,Fujitsu
"CNISP Group Co., Ltd.",19,0.13,CNISP Group
Bulk Infrastructure Holding AS,19,0.13,Bulk Infrastructure
Gulf Data Hub,19,0.13,Gulf Data Hub
"fifteenfortyseven Critical Systems Realty, LLC",18,0.13,1547
Pulsant Limited,18,0.13,Pulsant
TM ONE Berhad,18,0.13,TM One
MTN Group Limited,17,0.12,MTN
Ark Data Centres Limited,17,0.12,Ark Data Centres
Digital Edge,17,0.12,Digital Edge
"LG CNS Co., Ltd.",17,0.12,LG CNS
eStruxture Data Centers Inc.,17,0.12,eStruxture Data Centers
"CleanSpark, Inc.",17,0.12,CleanSpark
Iadvantage Limited,17,0.12,iAdvantage
Runxun Data,17,0.12,Runxun Data
SEGRO Plc,17,0.12,SEGRO
"DartPoints, LLC",16,0.11,DartPoints
"Expedient Holdings USA, LLC",16,0.11,Expedient
Rowan Digital Infrastructure Pty Ltd,16,0.11,Rowan Digital Infrastructure
CAT Telecom Public Company Limited,16,0.11,CAT Telecom
Reef Group,16,0.11,Reef Group
"Keihanshin Building Co., Ltd.",16,0.11,Keihanshin Building
Hangzhou Iron&Steel Group Company,16,0.11,Hangzhou Iron and Steel Group
Public Joint Stock Company MegaFon,16,0.11,MegaFon
"Longrui Industry (Hainan) Co., Ltd.",16,0.11,Longrui Industry
Spark New Zealand Limited,15,0.11,Spark
Penta Infra,15,0.11,Penta Infra
DC BLOX Inc.,15,0.11,DC BLOX
Bohao Internet Data,15,0.11,Bohao Internet Data
"Shenzhen Powerleader Technology Co., Ltd.",15,0.11,Shenzhen Powerleader Technology
Vodacom Group Limited,15,0.11,Vodacom
Rogers Communications Canada Inc.,15,0.11,Rogers
Yotta Infrastructure Solutions LLP,15,0.11,Yotta
Etix Everywhere France SAS,15,0.11,Etix Everywhere
YTL Corporation Berhad,15,0.11,YTL
"Sungard Availability Services Capital, Inc.",14,0.1,Sungard Availability Services
"Windstream Holdings II, LLC",14,0.1,Windstream
Goodman Group,14,0.1,Goodman
Nextstream Limited,14,0.1,Nextstream
PT Karya Bangun Nusantara,14,0.1,PT Karya Bangun Nusantara
"LightEdge Solutions, Inc.",14,0.1,LightEdge
Bitfarms Ltd.,14,0.1,Bitfarms
Beacon AI Centers,14,0.1,Beacon AI Centers
Genesis Digital Assets Limited,14,0.1,Genesis Digital Assets
Yondr Group Holdings B.V.,14,0.1,Yondr
Hut 8 Mining Corp.,14,0.1,Hut 8
Noovle Srl,14,0.1,Noovle
Nippon Telegraph And Telephone West Corporation,14,0.1,NTT West
Atman sp. z o.o.,14,0.1,Atman
AI TECH FLSAY,14,0.1,AI TECH FLSAY
"Rackhouse Group, LLC",13,0.09,Rackhouse Group
BT Group plc,13,0.09,BT
Borealis Data Center ehf.,13,0.09,Borealis Data Center
"KT Cloud Co., Ltd.",13,0.09,KT Cloud
"Shanghai Yovole Networks Co., Ltd.",13,0.09,Shanghai Yovole Networks
Oppidan Investment Company,13,0.09,Oppidan Investment
Chirisa Technology Parks,13,0.09,Chirisa Technology Parks
ChinaCache International Holdings Ltd.,13,0.09,ChinaCache
"ePLDT, Inc.",12,0.08,ePLDT
Novva Data Centers,12,0.08,Novva
Africa Data Centres (Pty.) Ltd.,12,0.08,Africa Data Centres
"CentriLogic, Inc.",12,0.08,CentriLogic
"AVAIO Digital Management, LLC",12,0.08,AVAIO Digital
Reliance Communications Limited,12,0.08,Reliance Communications
GTD Grupo Teleductos S.A.,12,0.08,GTD
CapitaLand Ascendas REIT,12,0.08,CapitaLand
Edge Centres,12,0.08,Edge Centres
Elea Digital Infraestrutura e Redes de Telecomunicações S.A.,12,0.08,Elea Digital
AT TOKYO Corporation,12,0.08,AT TOKYO
Mobile TeleSystems India,12,0.08,MTS
Software Technology Park of India,12,0.08,STPI
"Evocative, Inc.",11,0.08,Evocative
"Shenzhen Esin Technology Inc.,Ltd.",11,0.08,Shenzhen Esin Technology
Etihad Etisalat Company,11,0.08,Mobily
Eurofiber N.V.,11,0.08,Eurofiber
Applied Digital Corporation,11,0.08,Applied Digital
"Blackstone Real Estate Income Trust, Inc.",11,0.08,Blackstone
Dbt-Data LLC,11,0.08,Dbt-Data
Northern Data AG,11,0.08,Northern Data
Oneneck It Solutions LLC,11,0.08,OneNeck
I.T.E.N.O.S. International Telecom Network Operation Services GmbH,11,0.08,ITENOS
PT DCI Indonesia Tbk,11,0.08,DCI Indonesia
Telecom Italia S.p.A.,11,0.08,Telecom Italia
KT Corporation,11,0.08,KT
"Core Scientific, Inc.",11,0.08,Core Scientific
"SZZT Electronics CO.,LTD",11,0.08,SZZT Electronics
SCSK Corporation,11,0.08,SCSK
Towngas Smart Energy Company Limited,11,0.08,Towngas Smart Energy
"MC Digital Realty, Inc.",11,0.08,Digital Realty
Hetzner Online Gmbh,11,0.08,Hetzner
TIS Inc.,11,0.08,TIS
Green Datacenter AG,11,0.08,Green Datacenter
Digital Core REIT,10,0.07000000000000001,Digital Realty
"Data Canopy Colocation, LLC",10,0.07000000000000001,Data Canopy Colocation
DCI Data Centers,10,0.07000000000000001,DCI Data Centers
Epoch Digital,10,0.07000000000000001,Epoch Digital
"China International Data Systems Co., Ltd.",10,0.07000000000000001,China International Data Systems
Lumos Networks Corp.,10,0.07000000000000001,Lumos Networks
"Insigma Technology Co., Ltd.",10,0.07000000000000001,Insigma Technology
Adaniconnex Private Limited,10,0.07000000000000001,AdaniConneX
"Chunghwa Telecom Co., Ltd.",10,0.07000000000000001,Chunghwa Telecom
"Samsung SDS Co.,Ltd.",10,0.07000000000000001,Samsung SDS
"Digital Fortress Holdings, Inc.",10,0.07000000000000001,Digital Fortress
GLP International Data Center Holdings Limited,10,0.07000000000000001,GLP
"CapRock Partners, LLC",10,0.07000000000000001,CapRock Partners
Al Moammar Information Systems Company,10,0.07000000000000001,Al Moammar Information Systems
GI Partners,9,0.06,GI Partners
Etisalat,9,0.06,Etisalat
Bitriver LP,9,0.06,Bitriver
"Involta, LLC",9,0.06,Involta
FirstLight Fiber,9,0.06,FirstLight Fiber
DataPro,9,0.06,DataPro
Telecom Italia Sparkle S.p.A.,9,0.06,Sparkle
Western Cloud Data Technology,9,0.06,Western Cloud Data Technology
Glory Data,9,0.06,Glory Data
Telkom SA SOC Ltd,9,0.06,Telkom SA
Votorantim Industrial S/A,9,0.06,Votorantim Industrial S/A
TELUS Corporation,9,0.06,TELUS
"Globe Telecom, Inc.",9,0.06,Globe Telecom
Aruba S.p.A.,9,0.06,Aruba
Datacenter Science,9,0.06,Datacenter Science
Center3,9,0.06,Center3
Urbacon Limited,9,0.06,Urbacon
Harbour Centre,9,0.06,Harbour Centre
Société Française de Radiotéléphone (SFR) SA,9,0.06,SFR
Ecodatacenter AB,9,0.06,Ecodatacenter
Verne Global Ltd,9,0.06,Verne Global
iomart Group plc,9,0.06,iomart
Nowtop,9,0.06,Nowtop
TA Realty LLC,9,0.06,TA Realty
Nebius Group N.V.,9,0.06,Nebius
Aptum Technologies,9,0.06,Aptum Technologies
Ooredoo Q.P.S.C.,9,0.06,Ooredoo
Adgar Investments and Development Ltd,8,0.06,Adgar Investments and Development
"Aphorio Carter Fund Management Company, LLC",8,0.06,Aphorio Carter Fund
Datacom Australia Holdings Pty Limited,8,0.06,Datacom Australia
BitCluster,8,0.06,BitCluster
Bharat Sanchar Nigam Limited,8,0.06,Bharat Sanchar Nigam
Cipher Mining Inc.,8,0.06,Cipher Mining
Singtel Digital InfraCo,8,0.06,Singtel Digital InfraCo
Turkcell Iletisim Hizmetleri A.S.,8,0.06,Turkcell Iletisim Hizmetleri
"11:11 Systems, Inc.",8,0.06,11:11 Systems
NTT Communications Corporation,8,0.06,NTT Communications
Versatel Telecommunications Gmbh,8,0.06,Versatel Telecommunications
LuxConnect S.A.,8,0.06,LuxConnect
ZFB Group,8,0.06,ZFB Group
"Hitachi, Ltd.",8,0.06,Hitachi
Viettel-CHT Company Limited,8,0.06,Viettel-CHT
Gongqi Technology,8,0.06,Gongqi Technology
"Kehua Data Co., Ltd.",8,0.06,Kehua Data
T-Mobile Czech Republic a.s.,8,0.06,T-Mobile Czech Republic
"Starwood Capital Operations, LLC",8,0.06,Starwood Capital Operations
ESR,8,0.06,ESR
Datum Datacentres Limited,8,0.06,Datum Datacentres
Global Technical Realty,8,0.06,Global Technical Realty
Vietnam Posts & Telecommunications Group,8,0.06,Vietnam Posts and Telecommunications Group
Neo Telemedia Limited,8,0.06,Neo Telemedia
EBRC S.A.,8,0.06,EBRC
Harlow Operations Ltd.,8,0.06,Harlow Operations
IXcellerate,8,0.06,IXcellerate
Fonds QScale S.E.C.,8,0.06,Fonds QScale S.E.C
Raxio Group B.V.,8,0.06,Raxio
CloudBurst Data Centers,8,0.06,CloudBurst Data Centers
165 Halsey Street Inc.,7,0.05,165 Halsey Street
"MDC, Inc",7,0.05,MDC
Telecom Egypt Company,7,0.05,Telecom Egypt
maincubes one GmbH,7,0.05,maincubes one
"HostDime.com, Inc.",7,0.05,HostDime.com
21st Century Technologies Limited (21ctl),7,0.05,21st Century Technologies
IFX Networks LLC,7,0.05,IFX Networks
BDx Indonesia,7,0.05,BDx Indonesia
Net 4 India Limited,7,0.05,Net 4 India
Haoyang Cloud,7,0.05,Haoyang Cloud
"Claranet Soho, S.A.",7,0.05,Claranet
Big Data Exchange,7,0.05,Big Data Exchange
Giant DC,7,0.05,Giant DC
"Daily-Tech Beijing Co., Ltd.",7,0.05,Daily-Tech Beijing
Selectel LLC,7,0.05,Selectel
"Markley, LLC",7,0.05,Markley
"Province Realty Group, Inc.",7,0.05,Province Realty Group
OneAsia Network Limited,7,0.05,OneAsia Network
DWS Group GmbH & Co. KGaA,7,0.05,DWS
Fiber Alley Data Centers,7,0.05,Fiber Alley Data Centers
TNW Networks Corp.,7,0.05,TNW Networks
"Dr. Peng Telecom & Media Group Co., Ltd.",7,0.05,Dr. Peng Telecom and Media Group
China Broadnet,7,0.05,China Broadnet
Miningstore,7,0.05,Miningstore
"Patrinely Group, LLC",7,0.05,Patrinely Group
Mivitec GmbH,7,0.05,Mivitec
Canon IT Solutions Inc.,7,0.05,Canon IT Solutions
Emirates Integrated Telecommunications Company PJSC,7,0.05,Emirates Integrated Telecommunications
myLoc managed IT AG,7,0.05,myLoc managed IT
"Netnic (Beijing) Network Co., Ltd.",7,0.05,Netnic Network
"Far EasTone Telecommunications Co., Ltd.",7,0.05,Far EasTone Telecommunications
eww ag,7,0.05,eww
"Silk Road Telecommunications (SRT) Co., Ltd.",7,0.05,Silk Road Telecommunications
Sonda S.A.,7,0.05,Sonda
"Shanghai Data Solution Co., Ltd.",7,0.05,Shanghai Data Solution
IDC Frontier Inc.,7,0.05,IDC Frontier
Karatzis S.A. Industrial & Hotel Enterprises,7,0.05,Karatzis S.A. Industrial and Hotel Enterprises
"Nomura Research Institute, Ltd.",7,0.05,Nomura Research Institute
Quantum Switch Tamasuk Limited,7,0.05,Quantum Switch Tamasuk
Chayora Limited,7,0.05,Chayora
Internap Holding LLC,6,0.04,Internap
3S S.A.,6,0.04,3S
A1 Telekom Austria AG,6,0.04,A1 Telekom Austria
"Digital Data Centre Bidco, S.L.",6,0.04,"Digital Data Centre Bidco, S.L"
Switch Datacenters Amsterdam B.V.,6,0.04,Switch Datacenters
T.C.C. Technology Company Limited,6,0.04,T.C.C. Technology
LCL Belgium N.V.,6,0.04,LCL Belgium
"Atomic Data, LLC",6,0.04,Atomic Data
Eagle South LLC,6,0.04,Eagle South
Element Critical,6,0.04,Element Critical
AiNET Corporation,6,0.04,AiNET
Impulse Web,6,0.04,Impulse Web
T-Systems Solutions For Research GmbH,6,0.04,T-Systems Solutions For Research
V. Tal - Rede Neutra de Telecomunicações S.A.,6,0.04,V. Tal - Rede Neutra de Telecomunicações
"Bell Canada, Inc.",6,0.04,Bell Canada
Telium Networks,6,0.04,Telium Networks
Vodafone Group Public Limited Company,6,0.04,Vodafone
Swisscom AG,6,0.04,Swisscom
Deutsche Telekom AG,6,0.04,Deutsche Telekom
Millicom International Cellular S.A.,6,0.04,Millicom International Cellular
iseek Pty Ltd.,6,0.04,iseek
"Salcido Enterprises, LLC",6,0.04,Salcido Enterprises
Claro Corp.,6,0.04,Claro
GTS Central Europe,6,0.04,GTS Central Europe
TelemaxX Telekommunikation GmbH,6,0.04,TelemaxX Telekommunikation
"FDC Servers.net, LLC",6,0.04,FDC Servers.net
Ascent Corporation,6,0.04,Ascent
Segra,6,0.04,Segra
Cifra Capital,6,0.04,Cifra Capital
Tulip Telecom Limited,6,0.04,Tulip Telecom
Chief Telecom Inc.,6,0.04,Chief Telecom
5C Data Centers,6,0.04,5C Data Centers
Colocationix Gmbh,6,0.04,Colocationix
Copper Ridge Culpeper LLC,6,0.04,Copper Ridge Culpeper
New Altice Europe B.V.,6,0.04,New Altice Europe
SAKURA Internet Inc.,6,0.04,SAKURA Internet
Win Empresas S.A.C.,6,0.04,Win Empresas
The Mining Future,6,0.04,The Mining Future
PT. Supra Primatama Nusantara,6,0.04,PT. Supra Primatama Nusantara
"América Móvil, S.A.B. de C.V.",6,0.04,America Movil
"IPI Partners, LLC",6,0.04,IPI Partners
Aldgate Investments Limited,6,0.04,Aldgate Investments
"True Internet Data Center Co., LTD.",6,0.04,True Internet Data Center
Kepler Communications,6,0.04,Kepler Communications
Grand Ming Group Holdings Limited,6,0.04,Grand Ming Group
"Tianjin Troila Information Technology Co.,Ltd.",6,0.04,Tianjin Troila Information Technology
Wood NN,6,0.04,Wood NN
Herbata Ltd.,6,0.04,Herbata
International Business Machines Corporation,6,0.04,IBM
Internet Thailand Public Company Limited,6,0.04,Internet Thailand
"Soluna Holdings, Inc.",6,0.04,Soluna
Chengdixiangjiang,6,0.04,Chengdixiangjiang
"CalEthos, Inc.",6,0.04,CalEthos
PCCW Limited,6,0.04,PCCW
Engineering.IT S.p.A.,6,0.04,Engineering.IT
PT Mora Telematika Indonesia,6,0.04,PT Mora Telematika Indonesia
Open Access Data Centres (OADC),6,0.04,Open Access Data Centres
Paratus Group Holdings LTD,6,0.04,Paratus Group
Schwarz Digits KG,6,0.04,Schwarz Digits KG
START Campus,6,0.04,START Campus
Thésée Datacenter,6,0.04,Thésée Datacenter
Tianfu Cloud,6,0.04,Tianfu Cloud
Wuxiang Cloud Valley Co. Ltd,6,0.04,Wuxiang Cloud Valley
Facility Gateway Corporation,5,0.04,Facility Gateway
Fuzion A/S,5,0.04,Fuzion A/S
TDF SAS,5,0.04,TDF
Adam Ecotech Sa,5,0.04,Adam Ecotech
"ADISTA, S.A.S.",5,0.04,ADISTA
Bezeq International Ltd.,5,0.04,Bezeq International
RT-One,5,0.04,RT-One
Akquinet Outsourcing Ggmbh,5,0.04,Akquinet Outsourcing Ggmbh
Akton Communications d.o.o.,5,0.04,Akton Communications
CITIC Telecom CPC Netherlands B.V.,5,0.04,CITIC Telecom CPC Netherlands
NS Solutions Corporation,5,0.04,NS Solutions
Pt. Tifa Arum Realty,5,0.04,Pt. Tifa Arum Realty
Exponential Digital LLC,5,0.04,Exponential Digital
Pure Data Centres Group Ltd,5,0.04,Pure Data Centres
Cable & Wireless Worldwide Limited,5,0.04,Cable and Wireless Worldwide
Go4hosting,5,0.04,Go4hosting
"Beijing Dahao Technology Corp.,Ltd",5,0.04,Beijing Dahao Technology
Host - It Limited,5,0.04,Host - It
Liverpool City Region Data Centres Limited,5,0.04,Liverpool City Region Data Centres
Proximus PLC,5,0.04,Proximus
Tessellis S.p.A.,5,0.04,Tessellis
CapitaLand India Trust,5,0.04,CapitaLand
HKCOLO Limited,5,0.04,HKCOLO
Headwaters Site Development,5,0.04,Headwaters Site Development
CSF Group plc,5,0.04,CSF Group
CE Colo Czech s.r.o.,5,0.04,CE Colo Czech s.r.o
Evoque,5,0.04,Evoque
"Peace Communications, LLC",5,0.04,Peace Communications
Cibicom A/S,5,0.04,Cibicom A/S
TECfusions Inc,5,0.04,TECfusions
Cluster Power S.R.L.,5,0.04,Cluster Power
Comarch S.A.,5,0.04,Comarch
ARTERIA Networks Corporation,5,0.04,ARTERIA Networks
"Riot Platforms, Inc.",5,0.04,Riot Platforms
CommCorp Comunicacoes Ltda.,5,0.04,CommCorp Comunicacoes Ltda
Westdale 2020 Live Oak LP,5,0.04,Westdale 2020 Live Oak
DXN Limited,5,0.04,DXN
FPT Corporation,5,0.04,FPT
OPCORE SAS,5,0.04,OPCORE
Tet,5,0.04,Tet
Beeline,5,0.04,Beeline
"Caronet, Inc.",5,0.04,Caronet
Aql Wholesale Limited,5,0.04,Aql Wholesale
"Beijing CloudVSP Technology Co., Ltd.",5,0.04,Beijing CloudVSP Technology
123.Net Inc.,5,0.04,123.Net
"Diode Ventures, LLC",5,0.04,Diode Ventures
Rising Realty Partners LLP,5,0.04,Rising Realty Partners
Data in Park,5,0.04,Data in Park
Bahnhof AB (publ),5,0.04,Bahnhof
Singapore Telecommunications Limited,5,0.04,Singapore Telecommunications
Rai Way S.p.A.,5,0.04,Rai Way
"Hudson Interxchange, LLC",5,0.04,Hudson Interxchange
Ndc-Garbe Data Centers Europe Gmbh,5,0.04,Ndc-Garbe Data Centers Europe
TeraGo Inc.,5,0.04,TeraGo
"Hangzhou Netbank Interlink Technologies Co., Ltd",5,0.04,Hangzhou Netbank Interlink Technologies
StratITsphere Data Center Solutions LLC,5,0.04,StratITsphere Data Center Solutions
Pi Datacenters Private Limited,5,0.04,Pi Datacenters
HIVE Digital Technologies Ltd.,5,0.04,HIVE Digital Technologies
Bynet Data Communications Ltd.,5,0.04,Bynet Data Communications
Dirui Data,5,0.04,Dirui Data
Lanwan Cloud,5,0.04,Lanwan Cloud
Jaguar Network SAS,5,0.04,Jaguar Network
MEEZA,5,0.04,MEEZA
MedOne,5,0.04,MedOne
Sovereign Digital Infrastructure,5,0.04,Sovereign Digital Infrastructure
noris network AG,5,0.04,noris network
Hunan Centry Cloud Big Data,5,0.04,Hunan Centry Cloud Big Data
Omega Telecom,5,0.04,Omega Telecom
Arizona State Retirement System,5,0.04,Arizona State Retirement System
Pakistan Telecommunication Company Limited,5,0.04,Pakistan Telecommunication
Lincoln Property Company Commercial LLC,5,0.04,Lincoln Property Company Commercial
Neterra EOOD,5,0.04,Neterra EOOD
"SDC Capital Partners, LLC",5,0.04,SDC Capital Partners
Shonfeld Data Services,5,0.04,Shonfeld Data Services
Conapto AB,5,0.04,Conapto
"Teléfonos de México, S.A.B. de C.V.",5,0.04,"Teléfonos de México, S"
C/D/H,5,0.04,C/D/H
wingu.africa,4,0.03,wingu.africa
"Rackspace US, Inc.",4,0.03,Rackspace US
Batelco (Bahrain Telecommunications Company),4,0.03,Batelco
Atmosphere DC Holdings LLC,4,0.03,Atmosphere DC
American Tower Corporation,4,0.03,American Tower
Aq Compute Holding Norway,4,0.03,Aq Compute Holding Norway
Sudanese Mobile Telephone (Zain) Company Limited,4,0.03,Sudanese Mobile Telephone
"Sentinel Data Centers, LLC",4,0.03,Sentinel Data Centers
Virtual Citadel Inc.,4,0.03,Virtual Citadel
"LOGIX Communications, L.P.",4,0.03,LOGIX Communications
Lancom,4,0.03,Lancom
Blix Solutions As,4,0.03,Blix Solutions
AS Levira,4,0.03,AS Levira
"Vision Net, Inc.",4,0.03,Vision Net
Centeris Data Centers,4,0.03,Centeris Data Centers
Earthlink Holdings Corp.,4,0.03,Earthlink
Serverhouse Ltd.,4,0.03,Serverhouse
Iplan Networks S.A.,4,0.03,Iplan Networks
Dandemutande Investments (Private) Limited,4,0.03,Dandemutande Investments
IREN Limited,4,0.03,IREN
"Beijing Topnew Info & Tech Co., Ltd.",4,0.03,Beijing Topnew Info and Tech
TopServers,4,0.03,TopServers
"Hulic Co., Ltd.",4,0.03,Hulic
DayOne Data Centers Singapore Pte. Ltd.,4,0.03,DayOne Data Centers Singapore
Cloud Europe S.R.L.,4,0.03,Cloud Europe
CMC Telecommunication Infrastructure Corporation,4,0.03,CMC Telecommunication Infrastructure
Grupo Codisa,4,0.03,Grupo Codisa
CS Loxinfo Public Company Limited,4,0.03,CS Loxinfo
Ceske Radiokomunikace a.s.,4,0.03,Ceske Radiokomunikace
Empresa de Telecomunicaciones de Bogotá S.A. E.S.P.,4,0.03,Empresa de Telecomunicaciones de Bogotá S.A. E.S.P
PAIX Inc.,4,0.03,PAIX
"Ntirety, Inc.",4,0.03,Ntirety
CleanArc Data Centers LLC,4,0.03,CleanArc Data Centers
DaSTOR LLC,4,0.03,DaSTOR
Mobile TeleSystems Public Joint Stock Company,4,0.03,MTS
Hexatom SARL,4,0.03,Hexatom
TelOne,4,0.03,TelOne
S.C. Orange România S.A.,4,0.03,S.C. Orange România
GleSYS AB,4,0.03,GleSYS
Datahouse,4,0.03,Datahouse
"O2 Czech Republic, a.s.",4,0.03,O2 Czech Republic
Invitech,4,0.03,Invitech
Lehr Consultants International (Australia) Pty Ltd,4,0.03,Lehr Consultants International
"Virtustream, Inc.",4,0.03,Virtustream
"Nexcess.Net, LLC",4,0.03,Nexcess.Net
"US Signal Company, L.L.C.",4,0.03,US Signal
Raiffeisen Informatik GmbH & Co KG,4,0.03,Raiffeisen Informatik GmbH and Co KG
Lotte Data Communication Company,4,0.03,Lotte Data Communication
"Cyxtera Technologies, Inc.",4,0.03,Cyxtera Technologies
Türk Telekomünikasyon Anonim Sirketi,4,0.03,Türk Telekomünikasyon Anonim Sirketi
"The Peterson Companies, LLC",4,0.03,The Peterson Companies
PlusServer AG,4,0.03,PlusServer
Digital Crossroad,4,0.03,Digital Crossroad
Eclairion Paris Sud,4,0.03,Eclairion Paris Sud
Greystoke Land Ltd.,4,0.03,Greystoke Land
Elisa,4,0.03,Elisa
CINECA Consorzio Interuniversitario,4,0.03,CINECA Consorzio Interuniversitario
Brasil Telecom Serviços De Internet S.a,4,0.03,Brasil Telecom Serviços De Internet
Seeweb SRL,4,0.03,Seeweb
Epsilon Telecommunications (Sp) Pte Ltd.,4,0.03,Epsilon Telecommunications
Hanoi Telecoms Co.,4,0.03,Hanoi Telecoms
Zhejiang Radio And Tv Development Corporation,4,0.03,Zhejiang Radio And Tv Development
Hyperco Data Center Strategies I Topco I Oy,4,0.03,Hyperco Data Center Strategies I Topco I
"Navégalo.com, SA",4,0.03,Navégalo.com
"Shenzhen Humeng Technology Co., Ltd",4,0.03,Shenzhen Humeng Technology
M1 Limited,4,0.03,M1
Internexa S.A.,4,0.03,Internexa
Portus Data Centers S.à R.l.,4,0.03,Portus Data Centers S.à R.l
SpaceDC,4,0.03,SpaceDC
Li Ang Data,4,0.03,Li Ang Data
K2 Data Centres,4,0.03,K2 Data Centres
CEC International Holdings Limited,4,0.03,CEC International
Mitsubishi Electric Information Network Corporation,4,0.03,Mitsubishi Electric Information Network
"BroadBand Tower, Inc.",4,0.03,BroadBand Tower
Provision Data Systems,4,0.03,Provision Data Systems
IntelionMine,4,0.03,IntelionMine
Ab Stokab,4,0.03,Ab Stokab
ESDS Software Solution Limited,4,0.03,ESDS Software Solution
K-Opticom Corporation,4,0.03,K-Opticom
"Yuqing County Yunshangyun Network Technology Co., Ltd.",4,0.03,Yuqing County Yunshangyun Network Technology
Fuji Soft Incorporated,4,0.03,Fuji Soft
"Bell Data, Inc.",4,0.03,Bell Data
"Ar Telecom - Acessos e Redes de Telecomunicacoes, S.A.",4,0.03,Ar Telecom - Acessos e Redes de Telecomunicacoes
"Wana Corporate, SA",4,0.03,Wana Corporate
Servers Australia Pty. Ltd.,4,0.03,Servers Australia
Data Holdings,4,0.03,Data
Bitdeer Norway As,4,0.03,Bitdeer Norway
Lloyds Capital Ltd,4,0.03,Lloyds Capital
Multinet Pakistan (Private) Limited,4,0.03,Multinet Pakistan
Mainova AG,4,0.03,Mainova
Nation Data Center,4,0.03,Nation Data Center
SC Zeus Data Centers,4,0.03,SC Zeus Data Centers
Vdr Mutilva Sl,4,0.03,Vdr Mutilva Sl
Gaw Capital Partners,4,0.03,Gaw Capital Partners
"SK ecoplant Co., Ltd.",4,0.03,SK ecoplant
Atlas Development LLC,4,0.03,Atlas Development
"Mount Sunflower Properties, LLC",4,0.03,Mount Sunflower Properties
China Energy Engineering Corporation Limited,4,0.03,China Energy Engineering
Castleforge Partners,4,0.03,Castleforge Partners
Serverius B.V.,4,0.03,Serverius
Zhonghanyun Technology,4,0.03,Zhonghanyun Technology
TOT Public Company Limited,4,0.03,TOT
"Tonaquint Data Centers, LLC",4,0.03,Tonaquint Data Centers
WNET Global IP Network,4,0.03,WNET Global IP Network
"Sichuan Chuanxi Data Industry Co., Ltd.",4,0.03,Sichuan Chuanxi Data Industry
"Gangcheng Yunlian (Suzhou) Data System Co., Ltd.",4,0.03,Gangcheng Yunlian Data System
Xiangshouyun,4,0.03,Xiangshouyun
Over The Wire Pty Ltd.,3,0.02,Over The Wire
LeFrak Organization Inc.,3,0.02,LeFrak Organization
"NOCIX, LLC",3,0.02,NOCIX
3U Holding AG,3,0.02,3U
Vintek Pty. Ltd.,3,0.02,Vintek
Engie SA,3,0.02,Engie
Plan B Limited,3,0.02,Plan B
aixit GmbH,3,0.02,aixit
Salam,3,0.02,Salam
"Vaultas, Llc",3,0.02,Vaultas
Atlas Power Data Center,3,0.02,Atlas Power Data Center
"Otava, LLC",3,0.02,Otava
Datacenter United,3,0.02,Datacenter United
Apatura Ltd,3,0.02,Apatura
Celeste SAS,3,0.02,Celeste
Greendata,3,0.02,Greendata
Artnet AG,3,0.02,Artnet
Ascenix,3,0.02,Ascenix
PointOne Development Corp.,3,0.02,PointOne Development
"Allied Fiber, LLC",3,0.02,Allied Fiber
Hellenic Telecommunications Organization S.A.,3,0.02,Hellenic Telecommunications Organization
Fogo Data Centers LLC,3,0.02,Fogo Data Centers
"Hivelocity, Inc",3,0.02,Hivelocity
FullSave SAS,3,0.02,FullSave
Data Vault,3,0.02,Data Vault
T4 Group Limited,3,0.02,T4 Group
AAIM Data Centers Inc.,3,0.02,AAIM Data Centers
Badenit Gmbh,3,0.02,Badenit
"Shanghai Science and Technology Network Communication Co., Ltd",3,0.02,Shanghai Science and Technology Network Communication
United Information Highway Company Limited,3,0.02,United Information Highway
"Shanghai Phicomm Communication Co., Ltd.",3,0.02,Shanghai Phicomm Communication
Mawson Infrastructure Group Inc.,3,0.02,Mawson Infrastructure Group
Hofnetz und IT Services Gmbh,3,0.02,Hofnetz und IT Services
IPB/Carriercolo,3,0.02,IPB/Carriercolo
BT Italia S.p.A.,3,0.02,BT Italia
Foundry Digital LLC,3,0.02,Foundry Digital
Six Degrees Technology Group Ltd,3,0.02,Six Degrees Technology Group
BIT,3,0.02,BIT
Merkle Standard LLC,3,0.02,Merkle Standard
Sencinet,3,0.02,Sencinet
"Cleareon Fiber Networks, LLC",3,0.02,Cleareon Fiber Networks
"Secured Network Services, Inc.",3,0.02,Secured Network Services
Blue Hill Data Services,3,0.02,Blue Hill Data Services
Lwlcom Gmbh,3,0.02,Lwlcom
"New York Internet, Inc.",3,0.02,New York Internet
Webaxys,3,0.02,Webaxys
El Sewedy Power,3,0.02,El Sewedy Power
"The Brookfield Group, LLC",3,0.02,The Brookfield Group
Prometheus Hyperscale,3,0.02,Prometheus Hyperscale
Simple Mining,3,0.02,Simple Mining
Canvia,3,0.02,Canvia
Air Products,3,0.02,Air Products
Excalibur Technology Corporation,3,0.02,Excalibur Technology
SBA Communications Corporation,3,0.02,SBA Communications
The Charlotte Colocation Center LLC.,3,0.02,The Charlotte Colocation Center
Dtix,3,0.02,Dtix
SmartNetLink,3,0.02,SmartNetLink
Beijing Jinmao Green Building Technology Co. Ltd,3,0.02,Beijing Jinmao Green Building Technology
Lumina Cloudinfra Sg Pte. Ltd.,3,0.02,Lumina Cloudinfra Sg
"Lunavi, Inc.",3,0.02,Lunavi
StarHub Ltd,3,0.02,StarHub
X.AI LLC,3,0.02,X.AI
"Data102, LLC",3,0.02,Data102
CROC Incorporated,3,0.02,CROC
"Chubu Telecommunications Co., Ltd.",3,0.02,Chubu Telecommunications
Custodian Property Income REIT plc,3,0.02,Custodian Property Income
"Vergent, LLC",3,0.02,Vergent
NourNet,3,0.02,NourNet
Tunisie Télécom S.A.,3,0.02,Tunisie Télécom
Mirabella Group Corporation,3,0.02,Mirabella Group
NRB s.a./n.v.,3,0.02,NRB s.a./n.v
Talex S.A.,3,0.02,Talex
Dc Star Nv,3,0.02,Dc Star
Broadcasting Center Europe SA,3,0.02,Broadcasting Center Europe
Datagroup JSC,3,0.02,Datagroup
Vnet A S,3,0.02,VNET
Cuden Infocom,3,0.02,Cuden Infocom
N+ONE Solutions,3,0.02,N+ONE Solutions
"Andorra Telecom, SAU",3,0.02,"Andorra Telecom, SAU"
"PfalzKom, Gesellschaft für Telekommunikation mbH",3,0.02,"PfalzKom, Gesellschaft für Telekommunikation mbH"
DC77,3,0.02,DC77
Thorney Lane Llp,3,0.02,Thorney Lane
AMPLIA Communications,3,0.02,AMPLIA Communications
Lv.Net Llc,3,0.02,Lv.Net
Monaco Telecom SAM,3,0.02,Monaco Telecom SAM
Green Horizon As,3,0.02,Green Horizon
Systemec BV,3,0.02,Systemec
Interconnect Services B.V.,3,0.02,Interconnect Services
Massive Networks,3,0.02,Massive Networks
"Colony Capital, Inc.",3,0.02,Colony Capital
Damac Data Centres,3,0.02,Damac Data Centres
Empyrion Digital,3,0.02,Empyrion Digital
FastMine,3,0.02,FastMine
Jiaxin Cloud,3,0.02,Jiaxin Cloud
China Three Gorges,3,0.02,China Three Gorges
"DuPont Fabros Technology, Inc.",3,0.02,DuPont Fabros Technology
Thinktel Communications Ltd.,3,0.02,Thinktel Communications
Emp Secure As,3,0.02,Emp Secure
Oman Telecommunications Company SAOG,3,0.02,Oman Telecommunications Company SAOG
Bohannon Road Venture LLC,3,0.02,Bohannon Road Venture
"Beijing Qianjing Yunhai Technology Co., Ltd.",3,0.02,Beijing Qianjing Yunhai Technology
Gigapix,3,0.02,Gigapix
Lancium LLC,3,0.02,Lancium
Lonestar Dream Inc.,3,0.02,Lonestar Dream
Continent 8 Technologies PLC,3,0.02,Continent 8 Technologies
"Bitfury USA, Inc.",3,0.02,Bitfury USA
Sure International Limited,3,0.02,Sure International
Global Broadband K.K,3,0.02,Global Broadband
SIA Digitalas Ekonomikas Attistibas Centrs,3,0.02,SIA Digitalas Ekonomikas Attistibas Centrs
Instituto Tecnologico Y De Estudios Superiores De Monterrey,3,0.02,Instituto Tecnologico Y De Estudios Superiores De Monterrey
"Dreammark1 Co.,Ltd.",3,0.02,Dreammark1
Storespeed As,3,0.02,Storespeed
31173 Services Ab,3,0.02,31173 Services
"Gansu Electric Power Investment Jinchang Power Co., Ltd.",3,0.02,Gansu Electric Power Investment Jinchang Power
ACME Communications,3,0.02,ACME Communications
Shanghang Technology,3,0.02,Shanghang Technology
Hefeng Data,3,0.02,Hefeng Data
Zhongyun Data,3,0.02,Zhongyun Data
NEOM Company,3,0.02,NEOM
Linxdatacenter,3,0.02,Linxdatacenter
NOS SA,3,0.02,NOS
Global Access Point,3,0.02,Global Access Point
"Radius DC Reit III, LLC",3,0.02,Radius DC Reit III
Hutchison Drei Austria GmbH,3,0.02,Hutchison Drei Austria
Macquarie Telecom Pty Ltd.,3,0.02,Macquarie Telecom
AGP Sustainable Real Assets Holdings Pte. Ltd.,3,0.02,AGP Sustainable Real Assets
Ishan Netsol Pvt Ltd,3,0.02,Ishan Netsol Pvt
ITsjefen AS,3,0.02,ITsjefen
"Cellular South, Inc.",3,0.02,Cellular South
"CEIcloud Data Storage Technology (Beijing) Co., Ltd.",3,0.02,CEIcloud Data Storage Technology
Data One Corporation,3,0.02,Data One
Forthnet Media Holdings S.A. d/b/a Nova,3,0.02,Forthnet Media Holdings S.A. d/b/a Nova
S-NET Sp. z o. o.,3,0.02,S-NET
Basis Bay Sdn Bhd,3,0.02,Basis Bay
TeraWulf Inc.,3,0.02,TeraWulf
"QuadraNet, Inc.",3,0.02,QuadraNet
HL komm Telekommunikations GmbH,3,0.02,HL komm Telekommunikations
"Consolidated Communications Holdings, Inc.",3,0.02,Consolidated Communications
"Atlantic Metro Communications, Inc.",3,0.02,Atlantic Metro Communications
"MERLIN Properties SOCIMI, S.A.",3,0.02,MERLIN Properties SOCIMI
CKW Fiber Services AG,3,0.02,CKW Fiber Services
"CPD4Green Centro de Datos, S.L./Echelon Data Centres Limited",3,0.02,"CPD4Green Centro de Datos, S.L./Echelon Data Centres"
Netglobalis Telecom S.A.,3,0.02,Netglobalis Telecom
Newtelco Ukraine Ltd.,3,0.02,Newtelco Ukraine
Telenet,3,0.02,Telenet
Anant Raj Cloud Pvt Ltd,3,0.02,Anant Raj Cloud Pvt
Ukfast Ltd,3,0.02,Ukfast
Marunouchi Direct Access Limited,3,0.02,Marunouchi Direct Access
"STNet Co., Ltd.",3,0.02,STNet
"Contegix, LLC",3,0.02,Contegix
5G Networks Limited,3,0.02,5G Networks
Safaricom PLC,3,0.02,Safaricom
South Reach Networks,3,0.02,South Reach Networks
Telkom Kenya Limited,3,0.02,Telkom Kenya
Leaseweb Global B.V.,3,0.02,Leaseweb Global
Mindspace Business Parks REIT/Princeton Digital Group (Singapore) Pte. Limited,3,0.02,Princeton Digital Group
Spectranet Holdings Ltd.,3,0.02,Spectranet
Netia S.A.,3,0.02,Netia
Hoyos Consulting LLC,3,0.02,Hoyos Consulting
Interserver,3,0.02,Interserver
Stellium Datacenters Limited,3,0.02,Stellium Datacenters
Node4 Limited,3,0.02,Node4
Core Backbone GmbH,3,0.02,Core Backbone
Future FinTech Group Inc.,3,0.02,Future FinTech Group
USDC,3,0.02,USDC
Polaris Data Centre Unit Trust,3,0.02,Polaris Data Centre Unit
Logistics Capital Partners Limited,3,0.02,Logistics Capital Partners
Pemberton Tech Center,3,0.02,Pemberton Tech Center
Strateq Systems Sdn Bhd,3,0.02,Strateq Systems
Management Science Associates Inc.,3,0.02,Management Science Associates
Wattum,3,0.02,Wattum
Olkaria EcoCloud,3,0.02,Olkaria EcoCloud
Yiguangyun Data,3,0.02,Yiguangyun Data
"Quantum Loophole, Inc.",3,0.02,Quantum Loophole
TrueNetwork,3,0.02,TrueNetwork
Saudi Telecom Company,3,0.02,Saudi Telecom
"Telefónica, S.A.",3,0.02,Telefónica
Asanti Datacentres Limited,3,0.02,Asanti Datacentres
NorthPoint Development LLC,3,0.02,NorthPoint Development
SDP Acquisitions LLC,3,0.02,SDP Acquisitions
XEFI Software,3,0.02,XEFI Software
Dokom Gesellschaft FÜR Telekommunikation Mbh,3,0.02,Dokom Gesellschaft FÜR Telekommunikation Mbh
Dr.-Ing. Nepustil & Co. Gmbh Internet Service Center Ingenieurgesellschaft Für S,3,0.02,Dr.-Ing. Nepustil and Co. Gmbh Internet Service Center Ingenieurgesellschaft Für S
South Front Networks,3,0.02,South Front Networks
"Zhejiang Century Huatong Group Co.,Ltd",3,0.02,Zhejiang Century Huatong Group
"Zte Cloud Servie Co., Ltd.",3,0.02,Zte Cloud Servie
Sitel - Societa Cooperativa Di Produzione E Lavoro (In Sigla: Sitel Soc. Coop..,3,0.02,Sitel - Societa Cooperativa Di Produzione E Lavoro (In Sigla: Sitel Soc. Coop
Stack Telecommunications Solutions Ltd.,3,0.02,Stack Telecommunications Solutions
Su Tuo Communication,3,0.02,Su Tuo Communication
"Taiwan Mobile Co., Ltd.",3,0.02,Taiwan Mobile
Teknotel Telekomünikasyon Sanayi ve Ticaret A.S,3,0.02,Teknotel Telekomünikasyon Sanayi ve Ticaret
MIC Tanzania LTD,3,0.02,MIC Tanzania
Lendlease Group,3,0.02,Lendlease Group
TulsaConnect LLC,3,0.02,TulsaConnect
Bulgarian Telecommunications Company AD d/b/a VIVACOM,3,0.02,Bulgarian Telecommunications Company AD d/b/a VIVACOM
Kuanyuan Technology,3,0.02,Kuanyuan Technology
INFRATEL,3,0.02,INFRATEL
Amanah Tech,2,0.01,Amanah Tech
1-Net Singapore Pte Ltd.,2,0.01,1-Net Singapore
Hines Group,2,0.01,Hines Group
1623 Farnam,2,0.01,1623 Farnam
DataVita Ltd,2,0.01,DataVita
Basin Street Properties Inc.,2,0.01,Basin Street Properties
"Clise Properties, Inc.",2,0.01,Clise Properties
Shanghai Data Hub,2,0.01,Shanghai Data Hub
Beanfield Metroconnect Inc,2,0.01,Beanfield Metroconnect
"Overton Moore Properties, Inc.",2,0.01,Overton Moore Properties
Netmatrix Corporation,2,0.01,Netmatrix
"Harvest Properties, Inc.",2,0.01,Harvest Properties
Redcentric Communications Limited,2,0.01,Redcentric Communications
The Stahl Organization,2,0.01,The Stahl Organization
Mountain West Technology Inc.,2,0.01,Mountain West Technology
"World Class Holding Company, LLC",2,0.01,World Class
GigaNET,2,0.01,GigaNET
Hostnordic A/S,2,0.01,Hostnordic A/S
DataPlex Group Limited,2,0.01,DataPlex Group
Brightsolid Online Innovation Limited,2,0.01,Brightsolid Online Innovation
Globacom Limited,2,0.01,Globacom
Agility Logistics Parks,2,0.01,Agility Logistics Parks
Lebara GmbH,2,0.01,Lebara
"acens Technologies, S.L.U.",2,0.01,"acens Technologies, S.L.U"
Ethio Telecom Corporation,2,0.01,Ethio Telecom
Colocity Pty Ltd,2,0.01,Colocity
ADEXUS S.A.,2,0.01,ADEXUS
ASP Data Center As,2,0.01,ASP Data Center
Africell Holding,2,0.01,Africell
"Key Information Systems, Inc.",2,0.01,Key Information Systems
Latechco,2,0.01,Latechco
"Infotec, LLC",2,0.01,Infotec
Al-Mustaqbal Lil-Thaka Al-Istinai Company,2,0.01,Al-Mustaqbal Lil-Thaka Al-Istinai
Bharti Airtel Limited,2,0.01,Bharti Airtel
Bharti Airtel Nigeria Limited,2,0.01,Bharti Airtel Nigeria
Two Degrees Mobile Limited,2,0.01,Two Degrees Mobile
Datatech Uk Ltd.,2,0.01,Datatech Uk
Polcom Group,2,0.01,Polcom Group
"Wellesley Investment Partners, LLC",2,0.01,Wellesley Investment Partners
NaiTel,2,0.01,NaiTel
"Somerset Capital Group, Ltd.",2,0.01,Somerset Capital Group
Angola Cables S.A.,2,0.01,Angola Cables
"ChinaNet Technology(SuZhou)CO.,LTD",2,0.01,ChinaNet Technology
Grid Telekom,2,0.01,Grid Telekom
"Koramco Asset Management Co., Ltd.",2,0.01,Koramco Asset Management
Shinyoung,2,0.01,Shinyoung
"IGIS Asset Management Co., Ltd",2,0.01,IGIS Asset Management
Ansluten Hosting I Sverige Ab,2,0.01,Ansluten Hosting I Sverige
Unitel S.A.,2,0.01,Unitel
Cube Infrastructure Managers S.A.,2,0.01,Cube Infrastructure Managers
Itb2 Datacenters,2,0.01,Itb2 Datacenters
"Axtel, S.A.B. de C.V.",2,0.01,"Axtel, S"
PIMCO Europe GmbH,2,0.01,PIMCO Europe
ARPCE,2,0.01,ARPCE
Internet Protocol Telecom Limited,2,0.01,Internet Protocol Telecom
Avenir Telematique,2,0.01,Avenir Telematique
National Infrastructure for Research and Technology (GR-NET),2,0.01,National Infrastructure for Research and Technology
Synapsecom Telecoms  S.A.,2,0.01,Synapsecom Telecoms
"SAGO Networks, LLC",2,0.01,SAGO Networks
Tulip Systems Inc.,2,0.01,Tulip Systems
Coloblox Data Centers,2,0.01,Coloblox Data Centers
"Aureon Network Services, Inc.",2,0.01,Aureon Network Services
"Harrison Street Real Estate Capital, LLC",2,0.01,Harrison Street Real Estate Capital
Gigared S.A.,2,0.01,Gigared
Argo Blockchain plc,2,0.01,Argo Blockchain
InfraDMS,2,0.01,InfraDMS
Orange Romania Communications,2,0.01,Orange Romania Communications
JSC Baltnetos komunikacijos,2,0.01,JSC Baltnetos komunikacijos
NetGains Technologies,2,0.01,NetGains Technologies
NxtGen Datacenter & Cloud Technologies Private Limited,2,0.01,NxtGen Datacenter and Cloud Technologies
Data Center First,2,0.01,Data Center First
Quetta Data Centers,2,0.01,Quetta Data Centers
United Internet AG,2,0.01,United Internet
YCO Cloud Centers,2,0.01,YCO Cloud Centers
"Beale Infrastructure Group, LLC",2,0.01,Beale Infrastructure Group
"Penzance Management, LLC",2,0.01,Penzance Management
Algar Telecom S.A.,2,0.01,Algar Telecom
"NTT Global Data Centers Preparatory Corporation/Dimension Data North America, Inc.",2,0.01,NTT Global Data Centers
DNS:NET Internet Service GmbH,2,0.01,DNS:NET Internet Service
Data Castle,2,0.01,Data Castle
BorÅS ElnÄT Ab,2,0.01,BorÅS ElnÄT
Eastlink,2,0.01,Eastlink
Brac Informatics Centre Ltd,2,0.01,Brac Informatics Centre
Bitel,2,0.01,Bitel
Skyband Corporation,2,0.01,Skyband
"Telecom Real Estate Services, LLC",2,0.01,Telecom Real Estate Services
A5 Corporation,2,0.01,A5
BitInfra,2,0.01,BitInfra
Orange S.A.,2,0.01,Orange
Bluebite Gmbh,2,0.01,Bluebite
Faasri,2,0.01,Faasri
Digital Connexion,2,0.01,Digital Connexion
Lightower Fiber Networks LLC,2,0.01,Lightower Fiber Networks
Deep Green Technologies Limited,2,0.01,Deep Green Technologies
Plutex Gmbh,2,0.01,Plutex
Tokai Communications Corporation,2,0.01,Tokai Communications
Elmec Informatica S.p.A.,2,0.01,Elmec Informatica
Belgacom International Carrier Services SA,2,0.01,Belgacom International Carrier Services
M247 Limited,2,0.01,M247
"NCP Capital Management, LLC",2,0.01,NCP Capital Management
Koscom Corp.,2,0.01,Koscom
DQE Holdings LLC,2,0.01,DQE
4D Data Centres Ltd,2,0.01,4D Data Centres
SEACOM Ltd.,2,0.01,SEACOM
"GPX Global Systems, Inc.",2,0.01,GPX Global Systems
Cdlan S.R.L.,2,0.01,Cdlan
Camtel Inc.,2,0.01,Camtel
RSAWEB Internet Services,2,0.01,RSAWEB Internet Services
CDROM SA (Centre de Données Romand SA),2,0.01,CDROM
China Dragon Telecom,2,0.01,China Dragon Telecom
"Sna Cleveland, LLC",2,0.01,Sna Cleveland
Hitachi Sunway Information Systems Sdn Bhd,2,0.01,Hitachi Sunway Information Systems
Cerulean Global Capital LLC,2,0.01,Cerulean Global Capital
Cetin d.o.o. Beograd-novi Beograd,2,0.01,Cetin d.o.o. Beograd-novi Beograd
"ColoGuard Enterprise Solutions, LLC",2,0.01,ColoGuard Enterprise Solutions
360 TCS,2,0.01,360 TCS
"DLS Computer Services, Inc.",2,0.01,DLS Computer Services
Electric Power Board of Chattanooga Inc.,2,0.01,Electric Power Board of Chattanooga
"VeryCloud network (Jiangsu) co., LTD",2,0.01,VeryCloud network
SinoBBD,2,0.01,SinoBBD
"Provdotnet, LLC",2,0.01,Provdotnet
WHA Digital Platform,2,0.01,WHA Digital Platform
COMSATS Internet Services,2,0.01,COMSATS Internet Services
"Telecomunicaciones Digitales, S.A.",2,0.01,Telecomunicaciones Digitales
"Fusion Connect, Inc.",2,0.01,Fusion Connect
NCS Datacom,2,0.01,NCS Datacom
Telconet S.A.,2,0.01,Telconet
Togo,2,0.01,Togo
Cobranet,2,0.01,Cobranet
Nts Workspace Ag,2,0.01,Nts Workspace
"WideOpenWest, Inc.",2,0.01,WideOpenWest
Concentrix Rechenzentrum GmbH,2,0.01,Concentrix Rechenzentrum
Web Werks India Pvt. Ltd.,2,0.01,Web Werks India Pvt
ForgeLight LLC,2,0.01,ForgeLight
Cavaleros Group Holdings (Pty) Ltd,2,0.01,Cavaleros Group
Sonatel SA,2,0.01,Sonatel
Enterhost,2,0.01,Enterhost
Kryptovault AS,2,0.01,Kryptovault
Sahara Net LLC,2,0.01,Sahara Net
"Corporate Colocation, Inc",2,0.01,Corporate Colocation
Beyond.pl Sp. z o. o.,2,0.01,Beyond.pl
Wieske's Crew Gmbh,2,0.01,Wieskes Crew
Sota Solutions Limited,2,0.01,Sota Solutions
Data Facilities B.V.,2,0.01,Data Facilities
"Duomenu logistikos centras, UAB",2,0.01,"Duomenu logistikos centras, UAB"
Data Journey,2,0.01,Data Journey
Databarn Amsterdam BV,2,0.01,Databarn Amsterdam
Login LLC,2,0.01,Login
Antel Corporation,2,0.01,Antel
ClaroVTR,2,0.01,ClaroVTR
Citycom Telekommunikation GmbH,2,0.01,Citycom Telekommunikation
Reflex Solutions (Pty) Ltd,2,0.01,Reflex Solutions
envia TEL GmbH,2,0.01,envia TEL
Cyprus Telecommunications Authority,2,0.01,Cyprus Telecommunications Authority
SynAApS,2,0.01,SynAApS
Datacentreplus,2,0.01,Datacentreplus
Delta LLC,2,0.01,Delta
"Dataone Asia (Philippines), Inc.",2,0.01,Dataone Asia
Datapark Nederland,2,0.01,Datapark Nederland
Datasource,2,0.01,Datasource
DataVolt,2,0.01,DataVolt
Genesys Informatica S.R.L.,2,0.01,Genesys Informatica
IMAQLIQ TV,2,0.01,IMAQLIQ TV
IPTP Networks,2,0.01,IPTP Networks
Internet Solutions (Pty) Limited,2,0.01,Internet Solutions
Miran,2,0.01,Miran
Bytedance Ltd,2,0.01,Bytedance
Akado Telecom,2,0.01,Akado Telecom
Ati Solutions Inc.,2,0.01,Ati Solutions
Mightycare Solutions Gmbh,2,0.01,Mightycare Solutions
Tasmanet Pty. Ltd.,2,0.01,Tasmanet
"Experis Technology Group, Inc.",2,0.01,Experis Technology Group
HyperTec Systems Inc.,2,0.01,HyperTec Systems
housing.com.ar,2,0.01,housing.com.ar
Stratus Data Centres,2,0.01,Stratus Data Centres
NEOM Tech & Digital Company,2,0.01,NEOM Tech and Digital
Greenhouse Datacenters BV,2,0.01,Greenhouse Datacenters
DC2Scale,2,0.01,DC2Scale
Hopone Internet Corporation,2,0.01,Hopone Internet
BeMobile,2,0.01,BeMobile
DCP Data Center Partners GmbH,2,0.01,DCP Data Center Partners
Open DC,2,0.01,Open DC
Ricoh,2,0.01,Ricoh
neGma Business Solutions,2,0.01,neGma Business Solutions
Vastnet,2,0.01,Vastnet
ManagedWay,2,0.01,ManagedWay
Digital Hyperspace,2,0.01,Digital Hyperspace
Xsalto,2,0.01,Xsalto
New Hosting Company,2,0.01,New Hosting
Djibouti Data Center (DDC),2,0.01,Djibouti Data Center
Anhua Data,2,0.01,Anhua Data
SMARTS,2,0.01,SMARTS
Serbia,2,0.01,Serbia
K2,2,0.01,K2
Datamena,2,0.01,Datamena
DXC Technology Company,2,0.01,DXC Technology
eServer.ru,2,0.01,eServer.ru
"Lifeline Data Centers, LLC",2,0.01,Lifeline Data Centers
PT. Indonet,2,0.01,PT. Indonet
EdgeUno,2,0.01,EdgeUno
"eHosting Datafort, Inc.",2,0.01,eHosting Datafort
Enegix,2,0.01,Enegix
Schwarz Group Gmbh,2,0.01,Schwarz Group
"Energia Communications,Inc.",2,0.01,Energia Communications
InterDC,2,0.01,InterDC
Empresa Nacional de Telecomunicaciones S.A.,2,0.01,Empresa Nacional de Telecomunicaciones
MTS Data Centres,2,0.01,MTS Data Centres
Digi Power X Inc.,2,0.01,Digi Power X
Cygrids Communications AB,2,0.01,Cygrids Communications
Broadband Gibraltar Limited,2,0.01,Broadband Gibraltar
Evolink Ltd,2,0.01,Evolink
evroc AB,2,0.01,evroc
ANEXIO Inc.,2,0.01,ANEXIO
Arpitel S.R.L.,2,0.01,Arpitel
Crane Data Centers Inc.,2,0.01,Crane Data Centers
Quantum Optical Data,2,0.01,Quantum Optical Data
GIC-Equinix xScale JV,2,0.01,Equinix
Keppel Data Centres Pte Ltd.,2,0.01,Keppel
Infuracom Gmbh,2,0.01,Infuracom
Secure Hosting Communications Ltd,2,0.01,Secure Hosting Communications
Cloud Carib,2,0.01,Cloud Carib
"GCX Corporation, U.C.C.",2,0.01,"GCX Corporation, U.C.C"
Infocom Trusted Security,2,0.01,Infocom Trusted Security
Gav-Yam Lands Corp. Ltd,2,0.01,Gav-Yam Lands
Göteborg Energi Aktiebolag,2,0.01,Göteborg Energi Aktiebolag
Greenex Data Centre,2,0.01,Greenex Data Centre
Grupo ZGH,2,0.01,Grupo ZGH
Youhong Information,2,0.01,Youhong Information
GCBD,2,0.01,GCBD
"Sejong Telecom, Inc.",2,0.01,Sejong Telecom
"Quest Media & Supplies, Inc.",2,0.01,Quest Media and Supplies
013 Netvision Ltd,2,0.01,013 Netvision
Conova Communications GmbH,2,0.01,Conova Communications
"Deer Valley Data, LLC",2,0.01,Deer Valley Data
"NetAccess Systems, Inc.",2,0.01,NetAccess Systems
Vision Data Center,2,0.01,Vision Data Center
ESCOM,2,0.01,ESCOM
Jordan Telecommunications Company,2,0.01,Jordan Telecommunications
Helen Oy,2,0.01,Helen
Superior B.V.,2,0.01,Superior
"Intelligent Fiber Network, LLC",2,0.01,Intelligent Fiber Network
"Ace Host, LLC",2,0.01,Ace Host
HK Serverworks,2,0.01,HK Serverworks
New World Telecommunications Ltd.,2,0.01,New World Telecommunications
"DR Fortress, LLC",2,0.01,DR Fortress
Windstream Hosted Solutions,2,0.01,Windstream
Meatec,2,0.01,Meatec
"Data Technology Co.,Ltd.",2,0.01,Data Technology
Shenzhen Huateng Smart Technology,2,0.01,Shenzhen Huateng Smart Technology
"Colovore, LLC",2,0.01,Colovore
I-Net Corp.,2,0.01,I-Net
Ibh,2,0.01,Ibh
Icade,2,0.01,Icade
Rack Centre Limited,2,0.01,Rack Centre
Ikoula SAS,2,0.01,Ikoula
Infinaxis,2,0.01,Infinaxis
"Chongqing Wanrun Photoelectric Co., Ltd.",2,0.01,Chongqing Wanrun Photoelectric
Ibercom Telecom SA,2,0.01,Ibercom Telecom
Interspace,2,0.01,Interspace
ISG Technology Inc.,2,0.01,ISG Technology
Internet Binat Ltd,2,0.01,Internet Binat
Radore Data Center Services Inc.,2,0.01,Radore Data Center Services
IT Gate,2,0.01,IT Gate
"UOLDIVEO, Inc.",2,0.01,UOLDIVEO
IX Africa Data Centre Limited,2,0.01,Africa Data Centres
Bersama Digital Data Centres,2,0.01,Bersama Digital Data Centres
"Kagoya Japan, Inc.",2,0.01,Kagoya Japan
Everworks,2,0.01,Everworks
Podatkovni centar Kriz d.o.o.,2,0.01,Podatkovni centar Kriz
Pakistan Mobile Communications Ltd.,2,0.01,Pakistan Mobile Communications
Extreme Broadband Sdn Bhd,2,0.01,Extreme Broadband
AEGON Services (Dublin) Limited,2,0.01,AEGON Services
"Dimension Data North America, Inc.",2,0.01,Dimension Data North America
Daou Technology Inc.,2,0.01,Daou Technology
"Hunt Midwest Enterprises, Inc.",2,0.01,Hunt Midwest Enterprises
"IP Pathways, LLC",2,0.01,IP Pathways
NetStandard Inc.,2,0.01,NetStandard
High Technology Technopark IT-park,2,0.01,High Technology Technopark IT-park
"Offsite, LLC",2,0.01,Offsite
KevlinX,2,0.01,KevlinX
Kardan Israel Ltd,2,0.01,Kardan Israel
"KINX, Inc.",2,0.01,KINX
ANEXIA Internetdienstleistungs GmbH,2,0.01,ANEXIA Internetdienstleistungs
Aride Ocean,2,0.01,Aride Ocean
"Seznam.cz, a.s.",2,0.01,Seznam.cz
Tele2 Telecommunication GmbH,2,0.01,Tele2 Telecommunication
Aktifnet,2,0.01,Aktifnet
Relcom,2,0.01,Relcom
Decima Groupe,2,0.01,Decima Groupe
Be Ys Cloud France,2,0.01,Be Ys Cloud France
TPX Communications,2,0.01,TPX Communications
Eqt Active Core Infrastructure Chord Lower Aggregator Lp,2,0.01,Eqt Active Core Infrastructure Chord Lower Aggregator
Hua An Tian Wang (Beijing) Information Technology Company Limited,2,0.01,Hua An Tian Wang Information Technology
"US Colo, LLC",2,0.01,US Colo
Echelon Marketing,2,0.01,Echelon Marketing
Unix Solutions,2,0.01,Unix Solutions
Liangjiang Cloud,2,0.01,Liangjiang Cloud
Network Communication Corp.,2,0.01,Network Communication
Digiplex Norway Holding 2 AS,2,0.01,Digiplex Norway Holding 2
"Netwise, Inc.",2,0.01,Netwise
"2006 Heyburn Building, LLC",2,0.01,2006 Heyburn Building
MSTelcom SARL,2,0.01,MSTelcom
Vianova S.p.A.,2,0.01,Vianova
Twl-Kom Gmbh,2,0.01,Twl-Kom
Lunar Digital Solutions Limited,2,0.01,Lunar Digital Solutions
Computacenter plc,2,0.01,Computacenter
"Converge Information and Communications Technology Solutions, Inc.",2,0.01,Converge Information and Communications Technology Solutions
Eolas,2,0.01,Eolas
"Master Internet, Ltd.",2,0.01,Master Internet
Mediasap,2,0.01,Mediasap
530 Collins St Pty Ltd,2,0.01,530 Collins St
"Webnet Memphis, Inc.",2,0.01,Webnet Memphis
Mitsui Fudosan Logistics Park Inc.,2,0.01,Mitsui Fudosan Logistics Park
Fairfax Financial Holdings Limited,2,0.01,Fairfax Financial
Volico Data Center,2,0.01,Volico Data Center
"FastWeb, LLC",2,0.01,FastWeb
Mineinvest,2,0.01,Mineinvest
Mirai Communication Network Inc.,2,0.01,Mirai Communication Network
TigerDC,2,0.01,TigerDC
Moro Hub,2,0.01,Moro Hub
Rockolo,2,0.01,Rockolo
"Bit Digital, Inc.",2,0.01,Bit Digital
Contabo GmbH,2,0.01,Contabo
Mining Cluster,2,0.01,Mining Cluster
Itissalat Al-Maghrib (IAM) S.A.,2,0.01,Itissalat Al-Maghrib
China Aviation Cloud,2,0.01,China Aviation Cloud
Transformyx Inc.,2,0.01,Transformyx
Cyquator Technologies Ltd,2,0.01,Cyquator Technologies
BitZERO Blockchain Inc.,2,0.01,BitZERO Blockchain
Neo Center Est,2,0.01,Neo Center Est
Nessus Gmbh,2,0.01,Nessus
Nevalink,2,0.01,Nevalink
Amatis Networks Limited,2,0.01,Amatis Networks
NTC Services AS,2,0.01,NTC Services
"Bsn Inet Co., Ltd.",2,0.01,Bsn Inet
SCALES AS,2,0.01,SCALES
NXDATA SRL,2,0.01,NXDATA
"Opus Interactive, Inc.",2,0.01,Opus Interactive
FCM360,2,0.01,FCM360
"Vxchnge Holdings, LLC",2,0.01,Vxchnge
"VPLS Solutions, LLC",2,0.01,VPLS Solutions
BIPROGY Inc.,2,0.01,BIPROGY
"Esite Systems, LLC",2,0.01,Esite Systems
Scott Data Center,2,0.01,Scott Data Center
"Gigas Hosting, S.A.",2,0.01,Gigas Hosting
Oricom Internet Inc.,2,0.01,Oricom Internet
Telenor ASA,2,0.01,Telenor
Zhejiang Cloud VZhejiang Cloud Valleyalley,2,0.01,Zhejiang Cloud VZhejiang Cloud Valleyalley
Previder B.V.,2,0.01,Previder
"Digital Egg Investments, LLC",2,0.01,Digital Egg Investments
PG&E Corporation/Westbank Corp,2,0.01,PG and E Corporation/Westbank
"Phoenix NAP, LLC",2,0.01,Phoenix NAP
"NetCarrier, Inc.",2,0.01,NetCarrier
"Syptec, Inc.",2,0.01,Syptec
Yettel d.o.o.,2,0.01,Yettel
Mapletree Singapore Industrial Trust,2,0.01,Mapletree Singapore Industrial
PKIX,2,0.01,PKIX
Plusinfo,2,0.01,Plusinfo
Netwave Inc,2,0.01,Netwave
Unidata S.p.A.,2,0.01,Unidata
"TPA Group, LLC",2,0.01,TPA Group
ArchGreen Infrastructure LLC,2,0.01,ArchGreen Infrastructure
Proserver LTD,2,0.01,Proserver
GZ IDC,2,0.01,GZ IDC
QUALICA Inc.,2,0.01,QUALICA
R-KOM Regensburger Telekommunikationsgesellschaft mbH & Co. KG,2,0.01,R-KOM Regensburger Telekommunikationsgesellschaft mbH and Co. KG
Liquid Telecommunications Operations SA (Pty) Ltd.,2,0.01,Liquid Telecommunications Operations
TIM Brasil Serviços e Participações S.A.,2,0.01,TIM Brasil Serviços e Participações
Virtual Data Corp,2,0.01,Virtual Data
Cmo Internet Dienstleistungen Gmbh,2,0.01,Cmo Internet Dienstleistungen
Ricloud Corp.,2,0.01,Ricloud
Zain Data Center,2,0.01,Zain Data Center
EUR TEL Arte Antica,2,0.01,EUR TEL Arte Antica
Mauritius Telecom Limited,2,0.01,Mauritius Telecom
"Ryobi System Inovations, Co.,Ltd.",2,0.01,Ryobi System Inovations
Suzuyo Shinwart Corporation,2,0.01,Suzuyo Shinwart
Asco Tlc S.p.A.,2,0.01,Asco Tlc
Spacelink Corporation,2,0.01,Spacelink
ihosting,2,0.01,ihosting
Anacondaweb,2,0.01,Anacondaweb
Scale42 Cloud Ltd,2,0.01,Scale42 Cloud
A/S ScanNet,2,0.01,A/S ScanNet
"ScaleMatrix Holdings, Inc.",2,0.01,ScaleMatrix
ISOMEDIA Inc.,2,0.01,ISOMEDIA
A1 Hrvatska d.o.o.,2,0.01,A1 Hrvatska
WiCOM,2,0.01,WiCOM
Nordcolo,2,0.01,Nordcolo
Webvisions Pte Ltd.,2,0.01,Webvisions
Singapore Exchange Limited,2,0.01,Singapore Exchange
"Binary Net, LLC",2,0.01,Binary Net
NSW Inc.,2,0.01,NSW
"Harrison Street Real Estate Capital, LLC/Rackhouse Group, LLC",2,0.01,"Harrison Street Real Estate Capital, LLC/Rackhouse Group"
Zitcom A/S,2,0.01,Zitcom A/S
Optimum Data Centres Limited,2,0.01,Optimum Data Centres
Hurricane Electric LLC,2,0.01,Hurricane Electric
Smartdc Ltd.,2,0.01,Smartdc
Sofia Connect,2,0.01,Sofia Connect
"Shanghai Technology Network Communications Co., Ltd",2,0.01,Shanghai Technology Network Communications
Singapore Technologies Engineering Ltd,2,0.01,Singapore Technologies Engineering
Supernap (thailand) Co. Ltd.,2,0.01,Supernap
SIAG,2,0.01,SIAG
T-Mobile Polska S.A.,2,0.01,T-Mobile Polska
Trans World Associates (Pvt.) Ltd.,2,0.01,Trans World Associates
Greenergy Data Centers,2,0.01,Greenergy Data Centers
Unigeeh Company,2,0.01,Unigeeh
CBTS LLC,2,0.01,CBTS
CERNET Corporation,2,0.01,CERNET
Flow Digital Infrastructure,2,0.01,Flow Digital Infrastructure
SKYY Development,2,0.01,SKYY Development
Silver Falcon DC,2,0.01,Silver Falcon DC
"TTC Teleport, S.R.O.",2,0.01,"TTC Teleport, S.R.O"
Tanzania Telecommunications Company Limited,2,0.01,Tanzania Telecommunications
Square Data Facilities,2,0.01,Square Data Facilities
Hrvatski Telekom d.d.,2,0.01,Hrvatski Telekom d.d
VNG Limited,2,0.01,VNG
PLIX Sp. z o.o.,2,0.01,PLIX
Witcom Wiesbadener Informations- Und Telekommunikationsgesellschaft Mit Beschran,2,0.01,Witcom Wiesbadener Informations- Und Telekommunikationsgesellschaft Mit Beschran
Yibin Big Data,2,0.01,Yibin Big Data
3z Canada,2,0.01,3z Canada
"Tianjin Zanpu Technology Co., Ltd",2,0.01,Tianjin Zanpu Technology
Datawire B.V.,2,0.01,Datawire
EveryWare AG,2,0.01,EveryWare
012 Smile Telecom Ltd.,1,0.01,012 Smile Telecom
Sailfish Investors Acquisitions LLC,1,0.01,Sailfish Investors Acquisitions
"Alpharetta DC, LLC",1,0.01,Alpharetta DC
Worldwide DC Solution,1,0.01,Worldwide DC Solution
Quicktel Sp. z o.o.,1,0.01,Quicktel
Menlo Equities Inc.,1,0.01,Menlo Equities
7ve7 Telekomünikasyon ve Internet Hizmetleri San.Tic.Ltd.Sti.,1,0.01,7ve7 Telekomünikasyon ve Internet Hizmetleri San.Tic.Ltd.Sti
HCP,1,0.01,HCP
NetAssist,1,0.01,NetAssist
Wilhelm.Tel,1,0.01,Wilhelm.Tel
A1 Group,1,0.01,A1 Group
AA TELEKOM,1,0.01,AA TELEKOM
Acropolis Telecom Société Anonyme,1,0.01,Acropolis Telecom Société Anonyme
Mining Depot,1,0.01,Mining Depot
ByteLok IT Solutions Inc.,1,0.01,ByteLok IT Solutions
Polyus Access,1,0.01,Polyus Access
Abilix Soft,1,0.01,Abilix Soft
Acer Incorporated,1,0.01,Acer
"Alaska Communications Systems Group, Inc.",1,0.01,Alaska Communications Systems Group
Adamant,1,0.01,Adamant
Addix Internet Services Gmbh,1,0.01,Addix Internet Services
PDC Realty LLC,1,0.01,PDC Realty
Escapenet,1,0.01,Escapenet
HostExpress,1,0.01,HostExpress
Logic Plus Pty. Ltd.,1,0.01,Logic Plus
Velocity Servers,1,0.01,Velocity Servers
Adeo Datacenter Aps,1,0.01,Adeo Datacenter
ADETIC,1,0.01,ADETIC
Internode Pty Ltd,1,0.01,Internode
ADMAN,1,0.01,ADMAN
"Aeneas Communications, LLC",1,0.01,Aeneas Communications
Affarsverken Elnat I Karlskrona Ab,1,0.01,Affarsverken Elnat I Karlskrona
Via Europa Israel Limited,1,0.01,Via Europa Israel
Data First,1,0.01,Data First
Teesworks Limited,1,0.01,Teesworks
SWI Group,1,0.01,SWI Group
"Airnet Group, Inc.",1,0.01,Airnet Group
Akashi Data Center,1,0.01,Akashi Data Center
ACOD,1,0.01,ACOD
BIT Mining Limited,1,0.01,BIT Mining
"Alasconnect, Inc.",1,0.01,Alasconnect
Area Project Solutions,1,0.01,Area Project Solutions
Hd Net Limited,1,0.01,Hd Net
Stoneweg European Real Estate Investment Trust,1,0.01,Stoneweg European Real Estate Investment
Nova Corp Inc.,1,0.01,Nova
"Alerify, Inc.",1,0.01,Alerify
Alfalink,1,0.01,Alfalink
Alink Telecom Group,1,0.01,Alink Telecom Group
Alps Blockchain SpA,1,0.01,Alps Blockchain
"Tnt Properties, Inc",1,0.01,Tnt Properties
Ameren Corporation,1,0.01,Ameren
MetroBeam Wireless Telecommunications Co LLC,1,0.01,MetroBeam Wireless Telecommunications
DAMAMAX JORDAN,1,0.01,DAMAMAX JORDAN
VTEL Jordan,1,0.01,VTEL Jordan
Datacenter Noord-Holland B.V.,1,0.01,Datacenter Noord-Holland
Nikhef,1,0.01,Nikhef
PLANT hosting & co-location B.V.,1,0.01,PLANT hosting and co-location
Datacenter.com,1,0.01,Datacenter.com
Kkb Kredi Kayit Burosu Anonim Sirketi,1,0.01,Kkb Kredi Kayit Burosu Anonim Sirketi
Miner Club,1,0.01,Miner Club
Newmining,1,0.01,Newmining
Aecero,1,0.01,Aecero
KocSystem,1,0.01,KocSystem
"Koramco Asset Management Co., Ltd./DCI Data Centers",1,0.01,"Koramco Asset Management Co., Ltd./DCI Data Centers"
Aoimori Cloud Base,1,0.01,Aoimori Cloud Base
Computel Stand-By B.V.,1,0.01,Computel Stand-By
"Asia Pacific Telecom Co., Ltd.",1,0.01,Asia Pacific Telecom
PIMCO Europe GmbH/Dromeus Capital Group S.A.,1,0.01,PIMCO Europe GmbH/Dromeus Capital Group
Dromeus Capital Group S.A./PIMCO Europe GmbH,1,0.01,Dromeus Capital Group S.A./PIMCO Europe
Via numérica,1,0.01,Via numérica
Narvik municipality,1,0.01,Narvik municipality
Area31,1,0.01,Area31
Arelion Sweden AB,1,0.01,Arelion Sweden
Academic and Research Network of Slovenia,1,0.01,Academic and Research Network of Slovenia
PowerAssist B.V.,1,0.01,PowerAssist
Arrow Business Communications Ltd.,1,0.01,Arrow Business Communications
Nilvera,1,0.01,Nilvera
Artefact SA,1,0.01,Artefact
Iphh Internet Port Hamburg Gmbh,1,0.01,Iphh Internet Port Hamburg
Global Web Inc,1,0.01,Global Web
PT (Persero) Jakarta Industrial Estate Pulogadung,1,0.01,PT Jakarta Industrial Estate Pulogadung
Aspire Technology Solutions Ltd,1,0.01,Aspire Technology Solutions
Onepartner,1,0.01,Onepartner
Ataraxie,1,0.01,Ataraxie
Bulletproof Solutions Inc.,1,0.01,Bulletproof Solutions
Athena Vaults,1,0.01,Athena Vaults
FIBERLOC IKE,1,0.01,FIBERLOC IKE
Capital Internet Group Inc,1,0.01,Capital Internet Group
"Westplan Investors, Inc.",1,0.01,Westplan Investors
Cyber Wurx,1,0.01,Cyber Wurx
"Ensono, LP",1,0.01,Ensono
"NationalNet, Inc.",1,0.01,NationalNet
Reliant Access,1,0.01,Reliant Access
"Burr Computer Environments, Inc.",1,0.01,Burr Computer Environments
"COLO, LLC.",1,0.01,COLO
Schuberg Philis B.V.,1,0.01,Schuberg Philis
Atos SE,1,0.01,Atos SE
AUBix,1,0.01,AUBix
Data Centre It Ltd.,1,0.01,Data Centre It
Pow.re Holdings Limited,1,0.01,Pow.re
Bit Origin Ltd,1,0.01,Bit Origin
Avur As,1,0.01,Avur
Awal,1,0.01,Awal
"Lac Co.,Ltd.",1,0.01,Lac
A-Flow,1,0.01,A-Flow
Azertelecom LLC,1,0.01,Azertelecom
Syncom Australia Pty Ltd,1,0.01,Syncom Australia
Cybercom Group AB,1,0.01,Cybercom Group
Brain4kom AG,1,0.01,Brain4kom
Gateway Gulf LLC,1,0.01,Gateway Gulf
Kyndryl Inc.,1,0.01,Kyndryl
Bancadati,1,0.01,Bancadati
PTT Digital Solutions Company Limited,1,0.01,PTT Digital Solutions
Evolution Data Centres Pte Ltd,1,0.01,Evolution Data Centres
Idatagreen,1,0.01,Idatagreen
"MBA Datacenters, S.L.",1,0.01,"MBA Datacenters, S.L"
"Portobello Capital Gestión, SGEIC, S.A.",1,0.01,"Portobello Capital Gestión, SGEIC"
"Afr-Ix Telecom, S.L.",1,0.01,"Afr-Ix Telecom, S.L"
Radius Group,1,0.01,Radius Group
Caineal Llp,1,0.01,Caineal
BBBell S.p.A.,1,0.01,BBBell
Canada15Edge Data Centers Inc.,1,0.01,Canada15Edge Data Centers
"Canadian Solar Spain, S.L.",1,0.01,"Canadian Solar Spain, S.L"
BCE SEA,1,0.01,BCE SEA
WRN Broadcast Limited,1,0.01,WRN Broadcast
Standard Power,1,0.01,Standard Power
Belarusian Cloud Technologies JLLC,1,0.01,Belarusian Cloud Technologies JLLC
ServicePoint,1,0.01,ServicePoint
Blue Chip Data Systems Limited,1,0.01,Blue Chip Data Systems
Beenet,1,0.01,Beenet
BEGASOFT AG,1,0.01,BEGASOFT
"IDC Global, Inc.",1,0.01,IDC Global
Valspe,1,0.01,Valspe
Turbosite,1,0.01,Turbosite
OCP S.A.,1,0.01,OCP
Benzy Ltd.,1,0.01,Benzy
Paarlonline,1,0.01,Paarlonline
Drustvo za pruzanje internet usluga BeotelNet-ISP d.o.o.,1,0.01,Drustvo za pruzanje internet usluga BeotelNet-ISP
MIGODI,1,0.01,MIGODI
Mega Host Zone,1,0.01,Mega Host Zone
Van Caem Global B.V.,1,0.01,Van Caem Global
Mti Germany Holding Gmbh,1,0.01,Mti Germany
"Geneseo Communications, Inc.",1,0.01,Geneseo Communications
Bhumishq Technologies,1,0.01,Bhumishq Technologies
Bicos Computer Gmbh,1,0.01,Bicos Computer
BigByte Corporation,1,0.01,BigByte
BIGNET,1,0.01,BIGNET
"Quantica Infrastructure, LLC",1,0.01,Quantica Infrastructure
Binary Racks Limited,1,0.01,Binary Racks
GeoBitmine,1,0.01,GeoBitmine
Interlink Telecom Public Company Limited,1,0.01,Interlink Telecom
Airtel Malawi Plc,1,0.01,Airtel Malawi
"Bluebird Network, LLC",1,0.01,Bluebird Network
Blueprint Data Centers,1,0.01,Blueprint Data Centers
Northern Data Services (UK) Limited,1,0.01,Northern Data
Far East Consortium International Limited,1,0.01,Far East Consortium International
Global Technology Services Gts S A,1,0.01,Global Technology Services Gts
TERASYS,1,0.01,TERASYS
"Fiberpipe, Inc.",1,0.01,Fiberpipe
"Syringa Networks, LLC",1,0.01,Syringa Networks
"Integra, Inc.",1,0.01,Integra
Cheops Technology France Société anonyme,1,0.01,Cheops Technology France Société anonyme
"Congruity 360, LLC",1,0.01,Congruity 360
Northwood Investors LLC,1,0.01,Northwood Investors
"Indra Networks, Inc.",1,0.01,Indra Networks
IDE Group,1,0.01,IDE Group
Bplus Datacenter,1,0.01,Bplus Datacenter
Brainserve SA,1,0.01,Brainserve
Cloudsmart Inc.,1,0.01,Cloudsmart
Edgetronix,1,0.01,Edgetronix
MCR,1,0.01,MCR
"SCM Realty Services, Inc,",1,0.01,SCM Realty Services
Foxtel Holdings Pty Limited,1,0.01,Foxtel
Interactive,1,0.01,Interactive
Oz Servers Pty Ltd.,1,0.01,Oz Servers
SysGroup plc,1,0.01,SysGroup
Hub Network Services Limited,1,0.01,Hub Network Services
Nova Mango Farms LLC,1,0.01,Nova Mango Farms
Broadline Services Limited,1,0.01,Broadline Services
"TEKsystems, Inc.",1,0.01,TEKsystems
Upgrade Estate Nv,1,0.01,Upgrade Estate
Business SVIAZ Holding LLC,1,0.01,Business SVIAZ
Business System Telehouse,1,0.01,Business System Telehouse
BTC Mobile EOOD,1,0.01,BTC Mobile EOOD
Botswana Telecommunications Corporation Limited,1,0.01,Botswana Telecommunications
"SERVICIOS INFORMÁTICOS DE SOFTWARE Y TELECOMUNICACIONES, S.L.",1,0.01,"SERVICIOS INFORMÁTICOS DE SOFTWARE Y TELECOMUNICACIONES, S.L"
Telecom Argentina S.A.,1,0.01,Telecom Argentina
"SkyOnline, Inc.",1,0.01,SkyOnline
ColoCall,1,0.01,ColoCall
Burfa Media OÜ,1,0.01,Burfa Media OÜ
Smartt,1,0.01,Smartt
"Provident Realty Advisors, Inc.",1,0.01,Provident Realty Advisors
Vital Technology,1,0.01,Vital Technology
"Busan EDCPFV Co., Ltd./Daesungmoon Construction Co. Ltd",1,0.01,"Busan EDCPFV Co., Ltd./Daesungmoon Construction"
"Busan EDCPFV Co., Ltd.",1,0.01,Busan EDCPFV
Atlas Business Group of Companies Ltd,1,0.01,Atlas Business Group of Companies
Megatrend Poslovna Rjesenja d.o.o.,1,0.01,Megatrend Poslovna Rjesenja
Djibouti Télécom S.A.,1,0.01,Djibouti Télécom
CAC Corporation,1,0.01,CAC
Smart Networks,1,0.01,Smart Networks
Wisconsin Electric Power Company,1,0.01,Wisconsin Electric Power
Net Previa,1,0.01,Net Previa
"DataHive, LLC",1,0.01,DataHive
Hosted In Canada,1,0.01,Hosted In Canada
Tech To U,1,0.01,Tech To U
Nucleus Networks Inc.,1,0.01,Nucleus Networks
Mercator Data Center Systems,1,0.01,Mercator Data Center Systems
Emcali SA ESP,1,0.01,Emcali SA ESP
NET GROUP S.A.,1,0.01,NET GROUP
Netserver Limited,1,0.01,Netserver
Fast2host,1,0.01,Fast2host
AEBC Internet Corporation,1,0.01,AEBC Internet
Simplinet,1,0.01,Simplinet
Commerx Corporation,1,0.01,Commerx
D3 Networks,1,0.01,D3 Networks
DC Alliance LTD,1,0.01,DC Alliance
"Dayco Telecom, C.A",1,0.01,"Dayco Telecom, C.A"
"PREPA Networks, LLC",1,0.01,PREPA Networks
Carpere,1,0.01,Carpere
Netactuate Inc.,1,0.01,Netactuate
Caveo,1,0.01,Caveo
"Ningxia Diantong Industry Group Co., Ltd.",1,0.01,Ningxia Diantong Industry Group
Total Information Management Corp.,1,0.01,Total Information Management
SATO Technologies Corp.,1,0.01,SATO Technologies
Centerinform,1,0.01,Centerinform
CenterServ,1,0.01,CenterServ
Empresa Argentina de Soluciones Satelitales AR-SAT SA,1,0.01,Empresa Argentina de Soluciones Satelitales AR-SAT
"Centron, Inc.",1,0.01,Centron
Kei.pl sp. z o.o.,1,0.01,Kei.pl
Cenuta Telecommunication,1,0.01,Cenuta Telecommunication
Mitra Informatika Gemilang,1,0.01,Mitra Informatika Gemilang
Rigstar Communications Inc,1,0.01,Rigstar Communications
Ch-Net SRL,1,0.01,Ch-Net
New Continuum Holdings Corporation,1,0.01,New Continuum
Gigenet,1,0.01,Gigenet
NetSource Communications Inc.,1,0.01,NetSource Communications
"onShore Networks, LLC",1,0.01,onShore Networks
"XNet Information Systems, Inc.",1,0.01,XNet Information Systems
"TMBG, Inc.",1,0.01,TMBG
"Dynamic Quest, Inc.",1,0.01,Dynamic Quest
Guangwang Internet,1,0.01,Guangwang Internet
Panyun Data,1,0.01,Panyun Data
Yunxingwangsheng,1,0.01,Yunxingwangsheng
Chapal (Pvt.) Ltd,1,0.01,Chapal
Deep Edge,1,0.01,Deep Edge
"Mike Collins & Associates, Inc.",1,0.01,Mike Collins and Associates
YDMiner,1,0.01,YDMiner
"Jiangsu Zhongli Group Co.,Ltd",1,0.01,Jiangsu Zhongli Group
ServerNet,1,0.01,ServerNet
Torch Clean Energy,1,0.01,Torch Clean Energy
"The Related Companies, L.P.",1,0.01,The Related Companies
"SingleHop, LLC",1,0.01,SingleHop
"OnX Managed Services, Inc.",1,0.01,OnX Managed Services
Starpoint LP,1,0.01,Starpoint
Wispone S.R.L.,1,0.01,Wispone
NetXDC,1,0.01,NetXDC
"Mitsubishi Research Institute, Inc.",1,0.01,Mitsubishi Research Institute
CenterPoint Properties Trust,1,0.01,CenterPoint Properties
Capri Investment Group LLC,1,0.01,Capri Investment Group
Shanghai Yibo Information Technology,1,0.01,Shanghai Yibo Information Technology
DMG Blockchain Solutions Inc.,1,0.01,DMG Blockchain Solutions
Clear Stream Technology Ltd.,1,0.01,Clear Stream Technology
S.C. Compania de Informatica Aplicata S.A.,1,0.01,S.C. Compania de Informatica Aplicata
Hot Site,1,0.01,Hot Site
eir Limited,1,0.01,eir
Natro,1,0.01,Natro
DITO Telecommunity Corporation,1,0.01,DITO Telecommunity
Rock Ohio Caesars LLC,1,0.01,Rock Ohio Caesars
City Network International AB,1,0.01,City Network International
"N2Net, Inc.",1,0.01,N2Net
Aegis Data Center,1,0.01,Aegis Data Center
"Dalian Wanda Group Co.,Ltd.",1,0.01,Dalian Wanda Group
Trevenque Sistemas De Informacion Sociedad Limitada,1,0.01,Trevenque Sistemas De Informacion Sociedad Limitada
VIRTALUS,1,0.01,VIRTALUS
CloudBalkan,1,0.01,CloudBalkan
Tier 5,1,0.01,Tier 5
GIGA Data Centers LLC,1,0.01,GIGA Data Centers
CMET Telecomunicaciones SA,1,0.01,CMET Telecomunicaciones
Rainbow Energy,1,0.01,Rainbow Energy
Connect Datacenters,1,0.01,Connect Datacenters
Akash IQ,1,0.01,Akash IQ
"CeraNet, Inc.",1,0.01,CeraNet
ENET,1,0.01,ENET
Racksquared Data Centers,1,0.01,Racksquared Data Centers
M-net Telekommunications,1,0.01,M-net Telekommunications
"Colo4dallas, Llc",1,0.01,Colo4dallas
ColoBle,1,0.01,ColoBle
ColoCAT DC,1,0.01,ColoCAT DC
Colocation BG,1,0.01,Colocation BG
Springs Hosting,1,0.01,Springs Hosting
"Cascade Divide Colo, Inc.",1,0.01,Cascade Divide Colo
Patrick Hosting,1,0.01,Patrick Hosting
"Mitsui Knowledge Industry Co., Ltd.",1,0.01,Mitsui Knowledge Industry
Uganda Internet Exchange Point,1,0.01,Uganda Internet Exchange Point
Comnet Bilgi Iletisim Teknolojileri Tic. A.S.,1,0.01,Comnet Bilgi Iletisim Teknolojileri Tic
Komplex Host,1,0.01,Komplex Host
Computer Co,1,0.01,Computer
Comstar One Ltd,1,0.01,Comstar One
Comtrance Gmbh,1,0.01,Comtrance
"Concergent IT, LLC",1,0.01,Concergent IT
Visual Online S.A,1,0.01,Visual Online
Blockstream Corporation Inc.,1,0.01,Blockstream
Arima Inc.,1,0.01,Arima
"Coreweave Compute Acquisition Co. V, Llc",1,0.01,Coreweave Compute Acquisition Co. V
Cork Neutral Internet eXchange Association Ltd,1,0.01,Cork Neutral Internet eXchange Association
CloudRock 1 S.A.,1,0.01,CloudRock 1
Oy Crea Nova Hosting Solution Ltd,1,0.01,Oy Crea Nova Hosting Solution
Krimeatechnology,1,0.01,Krimeatechnology
CSUC,1,0.01,CSUC
Blue NAP Americas,1,0.01,Blue NAP Americas
Cubexs (Private) Limited,1,0.01,Cubexs
NEX Datacenter,1,0.01,NEX Datacenter
Leapgreenity,1,0.01,Leapgreenity
The Lakson Group,1,0.01,The Lakson Group
Tsg International Limited,1,0.01,Tsg International
epic ltd,1,0.01,epic
D-Alix,1,0.01,D-Alix
Free,1,0.01,Free
"Corespace, Inc.",1,0.01,Corespace
"IP Networks, Inc.",1,0.01,IP Networks
H5 Colo Inc.,1,0.01,H5 Colo
ServerPhase,1,0.01,ServerPhase
Waymark Communications,1,0.01,Waymark Communications
700 Llc,1,0.01,700
Aeprio Networks,1,0.01,Aeprio Networks
High Touch Inc.,1,0.01,High Touch
Infracrowd Capital,1,0.01,Infracrowd Capital
DARZ GmbH,1,0.01,DARZ
Kuwait Data Center,1,0.01,Kuwait Data Center
"Mcconnell Johnson Real Estate, Llc",1,0.01,Mcconnell Johnson Real Estate
Info Data Center Ltd.,1,0.01,Info Data Center
Top Systems Ltd,1,0.01,Top Systems
"De Novo, LLC",1,0.01,De Novo
E-STYLE Telecom,1,0.01,E-STYLE Telecom
Ehinet S.r.l.,1,0.01,Ehinet
Data Center G50,1,0.01,Data Center G50
Pacific Controls Cloud Services,1,0.01,Pacific Controls Cloud Services
Data Center Siberia,1,0.01,Data Center Siberia
Joint Stock Company Ukrtelecom,1,0.01,Joint Stock Company Ukrtelecom
United Networks of Ukraine,1,0.01,United Networks of Ukraine
Data Center Vaults,1,0.01,Data Center Vaults
Voliacable- Cjc,1,0.01,Voliacable- Cjc
Data Center Yekaterinburg,1,0.01,Data Center Yekaterinburg
Server.ua,1,0.01,Server.ua
"Dakota Pro Football, LLC",1,0.01,Dakota Pro Football
Data11,1,0.01,Data11
Supernetwork S.R.O.,1,0.01,Supernetwork S.R.O
Datema Bilsim Ticaret Anonim Sirketi,1,0.01,Datema Bilsim Ticaret Anonim Sirketi
cl8.com,1,0.01,cl8.com
ShqiperiaCom Shpk,1,0.01,ShqiperiaCom Shpk
AZNetwork SAS,1,0.01,AZNetwork
Datacenter Almere,1,0.01,Datacenter Almere
PYUR Business,1,0.01,PYUR Business
Datacenter Carrier Gmbh,1,0.01,Datacenter Carrier
HEXANET SAS,1,0.01,HEXANET
MaxNod,1,0.01,MaxNod
Dataport,1,0.01,Dataport
Datacenter Groningen B.V.,1,0.01,Datacenter Groningen
SAS Asten,1,0.01,SAS Asten
Global Broadband Solution,1,0.01,Global Broadband Solution
ONITELECOM - Infocomunicações S.A.,1,0.01,ONITELECOM - Infocomunicações
Dc:Main Gmbh,1,0.01,Dc:Main
Dalkomsomalia,1,0.01,Dalkomsomalia
MULTIPLA,1,0.01,MULTIPLA
NT Neue Technologie AG,1,0.01,NT Neue Technologie
S.A.S. Foliateam,1,0.01,S.A.S. Foliateam
Siptel Chile,1,0.01,Siptel Chile
TTK Ostankino,1,0.01,TTK Ostankino
Dataone,1,0.01,Dataone
acdalis ag,1,0.01,acdalis
Dcba S.R.O.,1,0.01,Dcba S.R.O
Datafjellet As,1,0.01,Datafjellet
LogosNet Services,1,0.01,LogosNet Services
Datahata Ltd,1,0.01,Datahata
Filanko,1,0.01,Filanko
Filanco,1,0.01,Filanco
CITIC Limited,1,0.01,CITIC
Etop Sp. z o.o.,1,0.01,Etop
"Eastern Telecommunications Philippines, Inc.",1,0.01,Eastern Telecommunications Philippines
DataHub AG,1,0.01,DataHub
Datalabs,1,0.01,Datalabs
Datalahti,1,0.01,Datalahti
United Systems,1,0.01,United Systems
DataPlanet,1,0.01,DataPlanet
4iG Nyrt.,1,0.01,4iG Nyrt
P & P Technology Societa A Responsabilita Limitata Semplificata,1,0.01,P and P Technology Societa A Responsabilita Limitata Semplificata
New Mining,1,0.01,New Mining
Datasfera,1,0.01,Datasfera
"Sistemas Datasix, S.L.",1,0.01,"Sistemas Datasix, S.L"
DataSpace,1,0.01,DataSpace
Kron Teknoloji A.S.,1,0.01,Kron Teknoloji
Tnnet Oy,1,0.01,Tnnet
Unipack Sa,1,0.01,Unipack
"DTS-NET, LLC",1,0.01,DTS-NET
Datikum,1,0.01,Datikum
Datis It - Services Gmbh,1,0.01,Datis It - Services
Dawiyat Integrated Telecommunications and Information Technology Company,1,0.01,Dawiyat Integrated Telecommunications and Information Technology
Doga Bilgi Teknolojileri AS,1,0.01,Doga Bilgi Teknolojileri
"Nishitetsu Information System Co.,Ltd.",1,0.01,Nishitetsu Information System
Developing Telecoms Ltd.,1,0.01,Developing Telecoms
Data Harbour,1,0.01,Data Harbour
SibTelko,1,0.01,SibTelko
"ITinSell, SARL",1,0.01,ITinSell
MCNtelecom,1,0.01,MCNtelecom
Sez OJSC,1,0.01,Sez OJSC
DC North Drustvo S Ogranicenom Odgovornoscu ZA Usluge,1,0.01,DC North Drustvo S Ogranicenom Odgovornoscu ZA Usluge
Workspace Technology Ltd,1,0.01,Workspace Technology
Ingenieria E Informatica Asociada Ltda.,1,0.01,Ingenieria E Informatica Asociada Ltda
"ELTODO, a.s.",1,0.01,ELTODO
Mnogobyte,1,0.01,Mnogobyte
Adisyn Ltd,1,0.01,Adisyn
Cameroon Postal Services,1,0.01,Cameroon Postal Services
"S.J. Collins Enterprises, Inc.",1,0.01,S.J. Collins Enterprises
Complete,1,0.01,Complete
E-Global Innovative Sdn Bhd,1,0.01,E-Global Innovative
"MaxisIT, Inc.",1,0.01,MaxisIT
GridWay Computing Corporation,1,0.01,GridWay Computing
Vodien Internet Solutions Pte Ltd.,1,0.01,Vodien Internet Solutions
Nuday Networks,1,0.01,Nuday Networks
Intermedia Comunicaciones SA,1,0.01,Intermedia Comunicaciones
Titan Datacenters,1,0.01,Titan Datacenters
Air Link Communications Limited,1,0.01,Air Link Communications
CRT Informatique,1,0.01,CRT Informatique
ASK4 Ltd,1,0.01,ASK4
Ministry of Transport and Communications Oman,1,0.01,Ministry of Transport and Communications Oman
Esecuredata Inc.,1,0.01,Esecuredata
DataCity,1,0.01,DataCity
dcenter.pl sp. z o. o,1,0.01,dcenter.pl
DCTel,1,0.01,DCTel
Retn Gmbh,1,0.01,Retn
Delfa Company LLC,1,0.01,Delfa
Delta Telecom,1,0.01,Delta Telecom
Deltalis SA,1,0.01,Deltalis
Deltaphon Multimedia Gmbh,1,0.01,Deltaphon Multimedia
Handy Networks LLC,1,0.01,Handy Networks
Morgan Reed Group LLC,1,0.01,Morgan Reed Group
Riptide Hosting,1,0.01,Riptide Hosting
Denton Municipal Electric,1,0.01,Denton Municipal Electric
Magna PFV Corp.,1,0.01,Magna PFV
"Awecomm Technologies, L.L.C.",1,0.01,Awecomm Technologies
"Liberty Noc, LLC",1,0.01,Liberty Noc
ServOnDemand,1,0.01,ServOnDemand
Synergy Broadband,1,0.01,Synergy Broadband
Utropicmedia,1,0.01,Utropicmedia
DRC NET,1,0.01,DRC NET
Hanze Data,1,0.01,Hanze Data
DEXUS,1,0.01,DEXUS
Data Felix S.r.l.,1,0.01,Data Felix
DGN TEKNOLOJI,1,0.01,DGN TEKNOLOJI
Sénégal Numérique S.A.,1,0.01,Sénégal Numérique
Digita Oy,1,0.01,Digita
Huawei S.A.,1,0.01,Huawei
BoFiNet,1,0.01,BoFiNet
Hosterov,1,0.01,Hosterov
Digital Parks Africa,1,0.01,Digital Parks Africa
"White Star Real Estate s.r.o./Greykite European Real Estate Fund I, Scsp",1,0.01,"White Star Real Estate s.r.o./Greykite European Real Estate Fund I, Scsp"
Docklands Data Centre Limited,1,0.01,Docklands Data Centre
Doclerweb Informatikai Korlatolt Felelossegu Tarsasag,1,0.01,Doclerweb Informatikai Korlatolt Felelossegu Tarsasag
Compudac Solutions BV,1,0.01,Compudac Solutions
ISP Services BV,1,0.01,ISP Services
NiceHash,1,0.01,NiceHash
W-Infinity Communications Limited,1,0.01,W-Infinity Communications
DorukNet.,1,0.01,DorukNet
dotsi,1,0.01,dotsi
OOO Bashkirenergo,1,0.01,OOO Bashkirenergo
Metrex engineering,1,0.01,Metrex engineering
Polardc Dra01 As,1,0.01,Polardc Dra01
Greenidge Generation Holdings Inc.,1,0.01,Greenidge Generation
Dsm Group (Gb) Ltd.,1,0.01,Dsm Group
DTEL-IX,1,0.01,DTEL-IX
CtrlS,1,0.01,CtrlS
Blacknight Solutions,1,0.01,Blacknight Solutions
Viatel Limited,1,0.01,Viatel
First Properties Duluth,1,0.01,First Properties Duluth
"Douzone Bizon Co., Ltd.",1,0.01,Douzone Bizon
Earth Telecom,1,0.01,Earth Telecom
Kapsch BusinessCom AG,1,0.01,Kapsch BusinessCom
ECC Solutions,1,0.01,ECC Solutions
EdgeCloudLink Inc.,1,0.01,EdgeCloudLink
Elm Data Center,1,0.01,Elm Data Center
Chorus Limited,1,0.01,Chorus
EDGNEX Data Centres by DAMAC,1,0.01,EDGNEX Data Centres by DAMAC
European Data Hub SA,1,0.01,European Data Hub
Tera-Byte Dot Com Inc.,1,0.01,Tera-Byte Dot Com
The Internet Centre,1,0.01,The Internet Centre
Wolfpaw Data Centres Inc.,1,0.01,Wolfpaw Data Centres
Webfire Internet Services,1,0.01,Webfire Internet Services
Edpnet NV,1,0.01,Edpnet
Egypt for Information Dissemination,1,0.01,Egypt for Information Dissemination
Troll Housing As,1,0.01,Troll Housing
Ecoracks,1,0.01,Ecoracks
Eindhoven Fiber Exchange B.V.,1,0.01,Eindhoven Fiber Exchange
Elsham Tech Park Limited,1,0.01,Elsham Tech Park
Eltel CJSC,1,0.01,Eltel CJSC
Emtel Ltd.,1,0.01,Emtel
Eni S.p.A./Khazna Data Center Limited,1,0.01,Khazna
Enseva,1,0.01,Enseva
Meninx Holding,1,0.01,Meninx
Espanix,1,0.01,Espanix
Sun Data World,1,0.01,Sun Data World
C15Edge,1,0.01,C15Edge
Euro Data Center,1,0.01,Euro Data Center
Energieversorgung Filstal GmbH & Co. KG,1,0.01,Energieversorgung Filstal GmbH and Co. KG
Trustack Limited,1,0.01,Trustack
Colt Technology Services Group Limited,1,0.01,Colt
Berkeley Investments Inc.,1,0.01,Berkeley Investments
Exchange Data Center,1,0.01,Exchange Data Center
Exitra Sdn Bhd,1,0.01,Exitra
"ExpertMarkets, Inc.",1,0.01,ExpertMarkets
Extendo AB,1,0.01,Extendo
Mapletree Investments Pte Ltd.,1,0.01,Mapletree Investments
Midco LLC,1,0.01,Midco
Fasternet/Bot,1,0.01,Fasternet/Bot
"Advanced Internet Technologies, Inc.",1,0.01,Advanced Internet Technologies
"Front Range Internet, Inc.",1,0.01,Front Range Internet
Bell MTS,1,0.01,Bell MTS
Fiber Backup,1,0.01,Fiber Backup
Fiber Fortress,1,0.01,Fiber Fortress
"Fibercomm, LC",1,0.01,"Fibercomm, LC"
FiberDC Teknoloji,1,0.01,FiberDC Teknoloji
"Fibernet, Inc.",1,0.01,Fibernet
"LR Data Center and Solutions, Inc.",1,0.01,LR Data Center and Solutions
"First National Technology Solutions, Inc.",1,0.01,First National Technology Solutions
First Private Data Center,1,0.01,First Private Data Center
NEXT LAYER Telekommunikationsdienstleistungs- und Beratungs GmbH,1,0.01,NEXT LAYER Telekommunikationsdienstleistungs- und Beratungs
Flin SA,1,0.01,Flin
Serveisweb,1,0.01,Serveisweb
Ssc Networks Norge As,1,0.01,Ssc Networks Norge
Integrated Information Technologies and Systems,1,0.01,Integrated Information Technologies and Systems
Fort Rock Data Center,1,0.01,Fort Rock Data Center
"Black Mountain Power, LLC",1,0.01,Black Mountain Power
CoreIT,1,0.01,CoreIT
OOO Fortis,1,0.01,OOO Fortis
Brennan Limited,1,0.01,Brennan
Newcolo Gmbh,1,0.01,Newcolo
MK Netzdienste GmbH & Co. KG,1,0.01,MK Netzdienste GmbH and Co. KG
Interwerk Automatisering B.V.,1,0.01,Interwerk Automatisering
"Wisconsin CyberLynk Network, Inc.",1,0.01,Wisconsin CyberLynk Network
Freeclix Limited,1,0.01,Freeclix
"Xecunet, LLC",1,0.01,Xecunet
PE Freehost,1,0.01,PE Freehost
freenet AG,1,0.01,freenet
Hartmanns AG,1,0.01,Hartmanns
Valley Oak Partners LLC,1,0.01,Valley Oak Partners
Frings It Solutions Gmbh,1,0.01,Frings It Solutions
Fulcrum Data Systems Limited,1,0.01,Fulcrum Data Systems
"Shunfeng Watong Paper Products Co., Ltd. Factory Ltd.",1,0.01,"Shunfeng Watong Paper Products Co., Ltd. Factory"
GARANTI SERVER,1,0.01,GARANTI SERVER
Delaware Land LLC,1,0.01,Delaware Land
Gävle Energi AB,1,0.01,Gävle Energi
PCPD sp. z o.o,1,0.01,PCPD
"Beijing Gehua Catv Network Co.,Ltd.",1,0.01,Beijing Gehua Catv Network
Geoveda S.R.L.,1,0.01,Geoveda
Geraldton Data Centre,1,0.01,Geraldton Data Centre
Ethoplex,1,0.01,Ethoplex
Gerry's Information Technology (Private) Limited,1,0.01,Gerrys Information Technology
Ggew Net Gmbh,1,0.01,Ggew Net
"Millenium Power Partners, L.P.",1,0.01,Millenium Power Partners
Cube Limited,1,0.01,Cube
GIC Private Limited,1,0.01,GIC
Industribygg Gjøvik As,1,0.01,Industribygg Gjøvik
GlassHouse Bilgi Sistemleri Ticaret Anonim Sirketi,1,0.01,GlassHouse Bilgi Sistemleri Ticaret Anonim Sirketi
Global Zone,1,0.01,Global Zone
Global-e Datacenter BV,1,0.01,Global-e Datacenter
Globalhost d.o.o.,1,0.01,Globalhost
CJSC GlobalTel,1,0.01,CJSC GlobalTel
Globe Development Gmbh,1,0.01,Globe Development
Arkon Energy US Holdco LLC,1,0.01,Arkon Energy US Holdco
Everest Digital,1,0.01,Everest Digital
"Network Services Group, Inc.",1,0.01,Network Services Group
KETTLER Inc.,1,0.01,KETTLER
GOPAS Solutions GmbH,1,0.01,GOPAS Solutions
Gorelovo Data Center,1,0.01,Gorelovo Data Center
Fis-Asp Application Service Providing Und It-Outsourcing Gmbh,1,0.01,Fis-Asp Application Service Providing Und It-Outsourcing
"Blackstone Real Estate Income Trust, Inc./Panchshil Realty and Developers Private Limited",1,0.01,Blackstone
"Bicoastal Communications, Inc.",1,0.01,Bicoastal Communications
Sleepless Server Solutions Limited,1,0.01,Sleepless Server Solutions
EDiS Company,1,0.01,EDiS
The Green Bay B.V.,1,0.01,The Green Bay
Tengyou Technology,1,0.01,Tengyou Technology
Exe Italia Energy Service Company S.R.L. O In Breve Exe Italia Esco S.R.L.,1,0.01,Exe Italia Energy Service Company S.R.L. O In Breve Exe Italia Esco
"Green Door Capital, LLC",1,0.01,Green Door Capital
GreenBushDC,1,0.01,GreenBushDC
GreenLinks Data Center,1,0.01,GreenLinks Data Center
Gnet Data Center,1,0.01,Gnet Data Center
Systems Maintenance Services Europa S.A.,1,0.01,Systems Maintenance Services Europa
GTS,1,0.01,GTS
"Fuhong Cloud Computing (TianJin) Co., Ltd.",1,0.01,Fuhong Cloud Computing
"Telefonia Por Cable, S.A. De C.V.",1,0.01,Telefonia Por Cable
"Megacable Holdings, S. A. B. de C. V.",1,0.01,"Megacable Holdings, S"
University of Guadalajara in Mexico,1,0.01,University of Guadalajara in Mexico
"Neptuno Networks, Inc.",1,0.01,Neptuno Networks
SinoCloud Group Limited,1,0.01,SinoCloud Group
Epern Digital Development,1,0.01,Epern Digital Development
"Shanghai Chinanetcenter Science & Technology Development Co., Ltd.",1,0.01,Shanghai Chinanetcenter Science and Technology Development
"Li Cheng Enterprise Co., Ltd.",1,0.01,Li Cheng Enterprise
"Capstone Asset Management Co.,Ltd.",1,0.01,Capstone Asset Management
"Hokkaido Electric Power Company, Incorporated",1,0.01,Hokkaido Electric Power
H1,1,0.01,H1
Melisron Ltd.,1,0.01,Melisron
Jinlu Investment Group,1,0.01,Jinlu Investment Group
Ishikawa Computer Center Corporation,1,0.01,Ishikawa Computer Center
Halton Data Center,1,0.01,Halton Data Center
N@twork Innovation Gmbh,1,0.01,N@twork Innovation
Hamilton Telephone Company,1,0.01,Hamilton Telephone
"DigiCert, Inc.",1,0.01,DigiCert
Juch-tech,1,0.01,Juch-tech
Hanel Joint Stock Company,1,0.01,Hanel Joint Stock
Global Data Service,1,0.01,Global Data Service
Avacon Data Center GmbH,1,0.01,Avacon Data Center
Ecostora,1,0.01,Ecostora
Splashwire,1,0.01,Splashwire
"Transcendent, LLC",1,0.01,Transcendent
DataZone Corporation,1,0.01,DataZone
HBA Corporation,1,0.01,HBA
Heartland Technology,1,0.01,Heartland Technology
HeiTech Padu Berhad,1,0.01,HeiTech Padu
Galaxy Digital Holdings LP,1,0.01,Galaxy Digital
E-Quest Groep BV,1,0.01,E-Quest Groep
Hyperco Data Center Strategies I Topco I Oy/Damac Data Centres,1,0.01,Hyperco Data Center Strategies I Topco I Oy/Damac Data Centres
Mediam Oy Ltd,1,0.01,Mediam
Herman It Oy,1,0.01,Herman It
DLX.DK,1,0.01,DLX.DK
East Village Dothan LLC,1,0.01,East Village Dothan
The Daly Group LLC,1,0.01,The Daly Group
"Himore Digital Co., Ltd.",1,0.01,Himore Digital
PowerNetix Inc.,1,0.01,PowerNetix
Datacentre Hong Kong,1,0.01,Datacentre Hong Kong
Free Net Business Solutions Sdn Bhd,1,0.01,Free Net Business Solutions
IXTech,1,0.01,IXTech
NetCloud VPS,1,0.01,NetCloud VPS
Photon Link,1,0.01,Photon Link
Signetique It Pte Ltd.,1,0.01,Signetique It
SunnyVision Limited,1,0.01,SunnyVision
Wharf T&t Outsourcing Services Limited,1,0.01,Wharf T and t Outsourcing Services
HMC Capital,1,0.01,HMC Capital
Enzu Inc.,1,0.01,Enzu
Holmbladsgade 139 A/S,1,0.01,Holmbladsgade 139 A/S
"Hongda High-Tech Holding Co.,Ltd.",1,0.01,Hongda High-Tech
Oaklawn,1,0.01,Oaklawn
Host Yost,1,0.01,Host Yost
"HostGee.Com, Inc.",1,0.01,HostGee.Com
Hosting Telesystems,1,0.01,Hosting Telesystems
PiXi Media,1,0.01,PiXi Media
HostSlim B.V.,1,0.01,HostSlim
Quasar Data Center,1,0.01,Quasar Data Center
TRG Datacenters,1,0.01,TRG Datacenters
XIVE,1,0.01,XIVE
ECOS,1,0.01,ECOS
Delta Telekom,1,0.01,Delta Telekom
High Speed Web Inc,1,0.01,High Speed Web
Htp,1,0.01,Htp
IDC China,1,0.01,IDC China
Huemer Data Center Gesellschaft m.b.h.,1,0.01,Huemer Data Center Gesellschaft m.b.h
Humber Tech Park Limited,1,0.01,Humber Tech Park
Furong Cloud,1,0.01,Furong Cloud
Exsim Development Sdn. Bhd.,1,0.01,Exsim Development Sdn. Bhd
Magnora ASA,1,0.01,Magnora
Technical University of Denmark,1,0.01,Technical University of Denmark
IaaS Datacenter Madrid,1,0.01,IaaS Datacenter Madrid
Icon+,1,0.01,Icon+
ICTGlobe Management,1,0.01,ICTGlobe Management
Metta DC,1,0.01,Metta DC
IDCdotCom Data Center,1,0.01,IDCdotCom Data Center
CV. Cempakatech Indonesia,1,0.01,CV. Cempakatech Indonesia
ReeVo MSP S.R.L.,1,0.01,ReeVo MSP
International Electric Power,1,0.01,International Electric Power
I.E.S Holdings Ltd,1,0.01,I.E.S
"Suchasni informatsiyni merezhi, Ltd",1,0.01,Suchasni informatsiyni merezhi
"Metro Edge Development Partners, LLC",1,0.01,Metro Edge Development Partners
Imos Consulting Gmbh,1,0.01,Imos Consulting
Host Color LLC,1,0.01,Host Color
"LightBound, LLC",1,0.01,LightBound
Indiana Data Center,1,0.01,Indiana Data Center
"Bluelock, LLC",1,0.01,Bluelock
LifeGrid Internet,1,0.01,LifeGrid Internet
Baseline,1,0.01,Baseline
PT Kencana Cipta Pesona,1,0.01,PT Kencana Cipta Pesona
INFOBOX,1,0.01,INFOBOX
NetLan,1,0.01,NetLan
InfonetDC,1,0.01,InfonetDC
InfoQB,1,0.01,InfoQB
Efly S.R.O.,1,0.01,Efly S.R.O
Core42,1,0.01,Core42
Innit AS,1,0.01,Innit
Technopolis Oy,1,0.01,Technopolis
Vitali S.p.A.,1,0.01,Vitali
Hotze.com,1,0.01,Hotze.com
The Garant-Park-Internet Limited,1,0.01,The Garant-Park-Internet
INSIS data center,1,0.01,INSIS data center
InSys,1,0.01,InSys
Internetport Sweden Ab,1,0.01,Internetport Sweden
InterNetX GmbH,1,0.01,InterNetX
Gtt Bulgaria Ead,1,0.01,Gtt Bulgaria Ead
Intersaar Gmbh,1,0.01,Intersaar
DSP Real Estate Capital LLC,1,0.01,DSP Real Estate Capital
Ciklet,1,0.01,Ciklet
Iodc Aps,1,0.01,Iodc
Liberty Coin Farms,1,0.01,Liberty Coin Farms
IP-House,1,0.01,IP-House
OneX Data Center,1,0.01,OneX Data Center
IPCore,1,0.01,IPCore
Leomining,1,0.01,Leomining
Impulse Engineering,1,0.01,Impulse Engineering
Megawatt Irkutsk,1,0.01,Megawatt Irkutsk
"Alchemy Communications, Inc.",1,0.01,Alchemy Communications
Millennium Systems,1,0.01,Millennium Systems
Isnet,1,0.01,Isnet
Isim Kayit,1,0.01,Isim Kayit
Isocel Telecom,1,0.01,Isocel Telecom
Istanbul DC,1,0.01,Istanbul DC
IT Service,1,0.01,IT Service
Information and Technical Center for System Solutions - ITCSR,1,0.01,Information and Technical Center for System Solutions - ITCSR
"ITility, LLC",1,0.01,ITility
IT Soft,1,0.01,IT Soft
The Valore Group Ltd,1,0.01,The Valore Group
iVisions,1,0.01,iVisions
IWB Industrielle Werke Basel AG,1,0.01,IWB Industrielle Werke Basel
IX-2 DC,1,0.01,IX-2 DC
Izarhost,1,0.01,Izarhost
ColoCSX,1,0.01,ColoCSX
CxP Data Centers,1,0.01,CxP Data Centers
GoRack Data Center,1,0.01,GoRack Data Center
Jaipur Data Center,1,0.01,Jaipur Data Center
Jastel Network Co. Ltd,1,0.01,Jastel Network
"Columbia Property Trust, Inc.",1,0.01,Columbia Property
Digital Halo Pte. Ltd.,1,0.01,Digital Halo
"Zhongjiao Changsheng (Beijing) Construction Engineering Co., Ltd.",1,0.01,Zhongjiao Changsheng Construction Engineering
"Allinfnt Finance and Technology Development Co., Ltd.",1,0.01,Allinfnt Finance and Technology Development
P.T. NAP Info Lintas Nusa,1,0.01,P.T. NAP Info Lintas Nusa
Xmedia,1,0.01,Xmedia
Bitera DC,1,0.01,Bitera DC
PT Centrin Online Prima,1,0.01,PT Centrin Online Prima
JN Data A/S,1,0.01,JN Data A/S
Vox,1,0.01,Vox
pilvio,1,0.01,pilvio
Sercompe Business Technology,1,0.01,Sercompe Business Technology
Foneo Datacenter N.V.,1,0.01,Foneo Datacenter
Bluefjords As,1,0.01,Bluefjords
"Joule Capital, LLC",1,0.01,Joule Capital
JR East Information Systems Company,1,0.01,JR East Information Systems
Skynet Communications LLC,1,0.01,Skynet Communications
Trinity Technologies,1,0.01,Trinity Technologies
Junet AB,1,0.01,Junet
Jupiter,1,0.01,Jupiter
Koja-Yhtiöt Oy,1,0.01,Koja-Yhtiöt
K12,1,0.01,K12
K2 Atmitec S.R.O.,1,0.01,K2 Atmitec S.R.O
NTT PC Communications Incorporated,1,0.01,NTT PC Communications
King Abdulaziz City for Science and Technology,1,0.01,King Abdulaziz City for Science and Technology
Alphaminers,1,0.01,Alphaminers
Holly Data Center,1,0.01,Holly Data Center
Joes Datacenter,1,0.01,Joes Datacenter
Powerlink,1,0.01,Powerlink
PT. Kinerja Indonesia,1,0.01,PT. Kinerja Indonesia
Digital Sense Hosting Pty. Ltd.,1,0.01,Digital Sense Hosting
The Bunker Secure Hosting Limited,1,0.01,The Bunker Secure Hosting
Blockware Solutions LLC,1,0.01,Blockware Solutions
Discover AI LLC,1,0.01,Discover AI
Umine LLC,1,0.01,Umine
Keyweb AG,1,0.01,Keyweb
Redcom AS,1,0.01,Redcom
Global Technology of Ukraine,1,0.01,Global Technology of Ukraine
MSK-IX,1,0.01,MSK-IX
KievLine,1,0.01,KievLine
Kiev Optic Networks,1,0.01,Kiev Optic Networks
Argyll Data Development Ltd,1,0.01,Argyll Data Development
"Micron21 Pty, Ltd.",1,0.01,Micron21
Alterascape,1,0.01,Alterascape
Multigrid Solutions Aktiebolag,1,0.01,Multigrid Solutions Aktiebolag
OOO IT Energy Service,1,0.01,OOO IT Energy Service
"Stack Infrastructure, Inc./ESR",1,0.01,STACK Infrastructure
Lefdal Mine Datacenter AS,1,0.01,Lefdal Mine Datacenter
KKNetworks,1,0.01,KKNetworks
Holland Datacenters B.V.,1,0.01,Holland Datacenters
"Tenhats, LLC",1,0.01,Tenhats
Webservio,1,0.01,Webservio
Spectrum Software,1,0.01,Spectrum Software
TCS Mining,1,0.01,TCS Mining
House4it A/S,1,0.01,House4it A/S
Kpn Eurorings Gmbh,1,0.01,Kpn Eurorings
Onet Holding sp. z o.o.,1,0.01,Onet
KR-CPD,1,0.01,KR-CPD
Krasinform,1,0.01,Krasinform
BitStake Mining,1,0.01,BitStake Mining
Monterey Mining,1,0.01,Monterey Mining
MYRIG,1,0.01,MYRIG
Stella,1,0.01,Stella
Watt Manor,1,0.01,Watt Manor
Anadolu Bilisim Hizmetleri A.S.,1,0.01,Anadolu Bilisim Hizmetleri
OCT,1,0.01,OCT
Safehouse Cloud Pte Ltd,1,0.01,Safehouse Cloud
Patimas Computers Berhad,1,0.01,Patimas Computers
FASTtelco,1,0.01,FASTtelco
Zajil International Telecom Company K.S.C.C.,1,0.01,Zajil International Telecom Company K.S.C.C
Qualitynet General Trading & Contracting Company W.L.L.,1,0.01,Qualitynet General Trading and Contracting Company W.L.L
"Thor Equities, LLC",1,0.01,Thor Equities
Dataprana Inc.,1,0.01,Dataprana
Unimedia Services SAS,1,0.01,Unimedia Services
Digital Hub Usa Llc,1,0.01,Digital Hub Usa
Multacom,1,0.01,Multacom
Vertex Ssx Corporation,1,0.01,Vertex Ssx
WebRunners Inc.,1,0.01,WebRunners
ColoCrossing,1,0.01,ColoCrossing
Regalorion,1,0.01,Regalorion
Venema Advies Group,1,0.01,Venema Advies Group
"Machine Investment Group, LP",1,0.01,Machine Investment Group
Castle IT,1,0.01,Castle IT
Energy Abundance Development Corporation,1,0.01,Energy Abundance Development
VTX1 Companies,1,0.01,VTX1 Companies
Fiberhub,1,0.01,Fiberhub
Gold DATA Centers,1,0.01,Gold DATA Centers
ColoXchange,1,0.01,ColoXchange
"Legacy Investing, LLC/GI Partners",1,0.01,"Legacy Investing, LLC/GI Partners"
Lasotel SAS,1,0.01,Lasotel
Downtown Colo,1,0.01,Downtown Colo
"UnitedLayer, Inc.",1,0.01,UnitedLayer
"Velocity Networks, Incorporated",1,0.01,Velocity Networks
Psychz Networks,1,0.01,Psychz Networks
LDeX Group LTD,1,0.01,LDeX Group
Datagrex,1,0.01,Datagrex
JK Land Holdings,1,0.01,JK Land
"Leola Datacenter, LLC",1,0.01,Leola Datacenter
Letscloud,1,0.01,Letscloud
"1025Connect, Llc",1,0.01,1025Connect
Brookfield Infrastructure Partners L.P.,1,0.01,Brookfield Infrastructure Partners
Echelon Data Centres Limited,1,0.01,Echelon Data Centres
LINK,1,0.01,LINK
GRZ IT Center GmbH,1,0.01,GRZ IT Center
Roha Group Inc.,1,0.01,Roha Group
"LiquidCool Solutions, Inc.",1,0.01,LiquidCool Solutions
Libyan International Telecommunication Company,1,0.01,Libyan International Telecommunication
"Mainstream Technologies, Inc.",1,0.01,Mainstream Technologies
L&T Construction,1,0.01,L and T Construction
"Asseco Lietuva, UAB",1,0.01,"Asseco Lietuva, UAB"
TPnets,1,0.01,TPnets
Kylos,1,0.01,Kylos
Logon Broadband,1,0.01,Logon Broadband
Logos Holdco Pte. Ltd.,1,0.01,Logos Holdco
Logosoft d.o.o.,1,0.01,Logosoft
Elasticity-IT,1,0.01,Elasticity-IT
Datanet Group (Uk) Ltd,1,0.01,Datanet Group
Lasercharm Ltd.,1,0.01,Lasercharm
Columbia Threadneedle Esif Holdings S.À R.L.,1,0.01,Columbia Threadneedle Esif Holdings S.À R.L
OpenHost,1,0.01,OpenHost
"Myriad Technologies, LLC",1,0.01,Myriad Technologies
Xfernet,1,0.01,Xfernet
Ebang International Holdings Inc.,1,0.01,Ebang International
Verixi SA,1,0.01,Verixi
Intermart Inc.,1,0.01,Intermart
IgLou Web Design & Development,1,0.01,IgLou Web Design and Development
Davey Holdings,1,0.01,Davey
"Power Protection Products, Inc.",1,0.01,Power Protection Products
Lukman,1,0.01,Lukman
Lulea Kommun,1,0.01,Lulea Kommun
CSC Data Center,1,0.01,CSC Data Center
Americatel Corporation,1,0.01,Americatel
Telxius Cable Perú S.A.C.,1,0.01,Telxius Cable Perú
Telkea Ict S.A.,1,0.01,Telkea Ict
Cobalt Data Centers,1,0.01,Cobalt Data Centers
State Joint-Stock Company Latvia State Radio and Television Centre,1,0.01,State Joint-Stock Company Latvia State Radio and Television Centre
Hostelyon,1,0.01,Hostelyon
MSK-DC Econet,1,0.01,MSK-DC Econet
EKC Limmel,1,0.01,EKC Limmel
Unilogic BV,1,0.01,Unilogic
CJSC Macomnet,1,0.01,CJSC Macomnet
"Horizon Mining, LLC",1,0.01,Horizon Mining
Data 4,1,0.01,Data 4
Madagascar Global Internet eXchange,1,0.01,Madagascar Global Internet eXchange
"SupraNet Communications, Inc.",1,0.01,SupraNet Communications
InAsset Srl,1,0.01,InAsset
Form8tion Data Centers,1,0.01,Form8tion Data Centers
"Echelon Data Centres Limited/CPD4Green Centro de Datos, S.L.",1,0.01,"Echelon Data Centres Limited/CPD4Green Centro de Datos, S.L"
Newman Telecom,1,0.01,Newman Telecom
"MainOne, an Equinix company",1,0.01,Equinix
RENU,1,0.01,RENU
Hostaway Pty Ltd,1,0.01,Hostaway
Malaga Data Center,1,0.01,Malaga Data Center
National Post and Telecom Agency,1,0.01,National Post and Telecom Agency
Stena Fastigheter AB,1,0.01,Stena Fastigheter
INTIC,1,0.01,INTIC
STC BAHRAIN BSC CLOSED VIVA,1,0.01,STC BAHRAIN BSC CLOSED VIVA
Datacentred Limited,1,0.01,Datacentred
The9 Limited,1,0.01,The9
M.A.C Solutions (UK) Ltd.,1,0.01,M.A.C Solutions
APIO,1,0.01,APIO
Icolo Ltd.,1,0.01,Icolo
ISI Colocation Services,1,0.01,ISI Colocation Services
Your Choice 4 CA,1,0.01,Your Choice 4 CA
Marka,1,0.01,Marka
I.C.E Datacenters,1,0.01,I.C.E Datacenters
Medafrica Systems,1,0.01,Medafrica Systems
Hostmein IKE,1,0.01,Hostmein IKE
Fermi Inc.,1,0.01,Fermi
Matrix NAP,1,0.01,Matrix NAP
Maxnet,1,0.01,Maxnet
"Martin Avenue Properties, LLC",1,0.01,Martin Avenue Properties
Arsenal Digital Mining LLC,1,0.01,Arsenal Digital Mining
Litewire,1,0.01,Litewire
Pt Tangara Mitrakom,1,0.01,Pt Tangara Mitrakom
Albany Engineering Corp.,1,0.01,Albany Engineering
Alphacloud Nv,1,0.01,Alphacloud
Data Center West,1,0.01,Data Center West
Mediaflog,1,0.01,Mediaflog
Medyabim Internet,1,0.01,Medyabim Internet
"Troy City Internet Exchange, Inc.",1,0.01,Troy City Internet Exchange
Beauce Sans-Fil,1,0.01,Beauce Sans-Fil
"Meitetsucom Co., Ltd.",1,0.01,Meitetsucom
Etrunk Technologies Inc,1,0.01,Etrunk Technologies
Epsilon Data Centre,1,0.01,Epsilon Data Centre
Hatten Land Limited,1,0.01,Hatten Land
Ip Exchange Gmbh,1,0.01,Ip Exchange
OMNIconnect Pty Ltd,1,0.01,OMNIconnect
"Satcom Direct, Inc.",1,0.01,Satcom Direct
HIAG Immobilien Holding AG,1,0.01,HIAG Immobilien
Jaba Satellite Communications,1,0.01,Jaba Satellite Communications
Volcano Energy,1,0.01,Volcano Energy
Sovereign Data Connect Ltd.,1,0.01,Sovereign Data Connect
Advanced Medio Matrix,1,0.01,Advanced Medio Matrix
"Layer 9 Data Centers, LLC",1,0.01,Layer 9 Data Centers
OSINet Communications,1,0.01,OSINet Communications
Megacable Comunicaciones De Mexico Sa De C.V.,1,0.01,Megacable Comunicaciones De Mexico
Digiport Miami LLC,1,0.01,Digiport Miami
FortaTrust USA Corporation,1,0.01,FortaTrust USA
Miami Data Vault,1,0.01,Miami Data Vault
Miami-Connect,1,0.01,Miami-Connect
"Vault Networks, Inc.",1,0.01,Vault Networks
Cloud South Inc,1,0.01,Cloud South
Redivider Blockchain Opportunity Zone Fund LLC,1,0.01,Redivider Blockchain Opportunity Zone Fund
"Ruixiang Electronic Science & Technology (Shandong) Co., Ltd.",1,0.01,Ruixiang Electronic Science and Technology
"Alliance Cloud Services, LLC",1,0.01,Alliance Cloud Services
Mikrografija D.o.o.,1,0.01,Mikrografija
Migration Solutions Ltd,1,0.01,Migration Solutions
Mikipro,1,0.01,Mikipro
Rmm Solutions Inc.,1,0.01,Rmm Solutions
SecureConnect Inc.,1,0.01,SecureConnect
Honeycomb Internet Services,1,0.01,Honeycomb Internet Services
Implex Corp.,1,0.01,Implex
Sandwich Internet Corp.,1,0.01,Sandwich Internet
"Network Medics, Inc.",1,0.01,Network Medics
Server Tune,1,0.01,Server Tune
US Internet Corp.,1,0.01,US Internet
Velocity Telephone,1,0.01,Velocity Telephone
ExcellIT,1,0.01,ExcellIT
HyperBlock Inc.,1,0.01,HyperBlock
Mitani Sangyo K.K.,1,0.01,Mitani Sangyo
Australian Pacific Data Centres Pty Ltd,1,0.01,Australian Pacific Data Centres
Mitues,1,0.01,Mitues
PMB Holdings Ltd.,1,0.01,PMB
Ayera Technologies Inc.,1,0.01,Ayera Technologies
Telis Group,1,0.01,Telis Group
Marion Energy LLC,1,0.01,Marion Energy
Grid Share,1,0.01,Grid Share
MSI,1,0.01,MSI
Serveris,1,0.01,Serveris
"Grupo Financiero Banorte, S.A.B. de C.V.",1,0.01,"Grupo Financiero Banorte, S"
Hosting Data Center 34,1,0.01,Hosting Data Center 34
QITX INC,1,0.01,QITX
Aspen Creek Digital Corporation,1,0.01,Aspen Creek Digital
Francesco Moresi SA,1,0.01,Francesco Moresi
Morristown Utility Commission,1,0.01,Morristown Utility Commission
Russian Mining Company,1,0.01,Russian Mining
1GHS,1,0.01,1GHS
BitHive,1,0.01,BitHive
GreenChain Technologies,1,0.01,GreenChain Technologies
Promminer,1,0.01,Promminer
UMC Moscow,1,0.01,UMC Moscow
Contell,1,0.01,Contell
RUVDS,1,0.01,RUVDS
Netrix LLC,1,0.01,Netrix
Mari Energies Limited,1,0.01,Mari Energies
Media Stream AI,1,0.01,Media Stream AI
Digital Network,1,0.01,Digital Network
Cit@enet,1,0.01,Cit@enet
Albatros Informatique,1,0.01,Albatros Informatique
Enovum Data Centers Corp,1,0.01,Enovum Data Centers
"Mobile TeleSystems, JLLC",1,0.01,MTS
Princeton Digital Group (Singapore) Pte. Limited/Mindspace Business Parks REIT,1,0.01,Princeton Digital Group
EMC Home of Data GmbH,1,0.01,EMC Home of Data
"HNS Partners, LLC",1,0.01,HNS Partners
Everyondr Capital Advisors Private Limited,1,0.01,Everyondr Capital Advisors
"InfoStructure Solutions, Inc.",1,0.01,InfoStructure Solutions
Data Suites Murfreesboro,1,0.01,Data Suites Murfreesboro
Polaris Technology Inc.,1,0.01,Polaris Technology
MYP Proveidor Serveis Internet,1,0.01,MYP Proveidor Serveis Internet
NacSpace,1,0.01,NacSpace
Hana Asset,1,0.01,Hana Asset
Fenghuo Cloud,1,0.01,Fenghuo Cloud
Jiangsu Phoenix Publishing & Media Corporation Limited,1,0.01,Jiangsu Phoenix Publishing and Media
Nano.lv,1,0.01,Nano.lv
"JinFu Technology Co., Ltd.",1,0.01,JinFu Technology
NAP Colombia,1,0.01,NAP Colombia
Joint Stock Company Glori,1,0.01,Joint Stock Company Glori
Archer Datacenters,1,0.01,Archer Datacenters
"Whiting Building, LLC",1,0.01,Whiting Building
Nashua Nest,1,0.01,Nashua Nest
Nasstar plc,1,0.01,Nasstar
Sumec,1,0.01,Sumec
Aos Ltd,1,0.01,Aos
Zimbabwe,1,0.01,Zimbabwe
Royal Science and Technology Park (RSTP),1,0.01,Royal Science and Technology Park
"Charter Communications, Inc.",1,0.01,Charter Communications
National Information Technology Authority-Uganda,1,0.01,National Information Technology Authority-Uganda
NAV Communications,1,0.01,NAV Communications
Navlink S.a.,1,0.01,Navlink
PT Prestasi Piranti Informasi,1,0.01,PT Prestasi Piranti Informasi
Nigsun Limited,1,0.01,Nigsun
NetOne IT,1,0.01,NetOne IT
Useable Net,1,0.01,Useable Net
Neocom A.D.,1,0.01,Neocom A.D
Net-Build Immo Gmbh,1,0.01,Net-Build Immo
Netdirekt,1,0.01,Netdirekt
NetFactor Telekomunikasyon A.S.,1,0.01,NetFactor Telekomunikasyon
NetGroup Inc.,1,0.01,NetGroup
Netic A/s,1,0.01,Netic A/s
Netiwan Group,1,0.01,Netiwan Group
Netinternet Bilgisayar Telekomünikasyon San. ve Tic. Ltd. Sti.,1,0.01,Netinternet Bilgisayar Telekomünikasyon San. ve Tic. Ltd. Sti
NetNam Company,1,0.01,NetNam
NETPOINT,1,0.01,NETPOINT
Pozitif Bilisim Hizm. ve Tic. A.S.,1,0.01,Pozitif Bilisim Hizm. ve Tic
NetSat,1,0.01,NetSat
Nuetel Communications SPC,1,0.01,Nuetel Communications SPC
Neutral Data Center,1,0.01,Neutral Data Center
NIXVAL,1,0.01,NIXVAL
Neutron,1,0.01,Neutron
Green Harbor,1,0.01,Green Harbor
"PCM, Inc.",1,0.01,PCM
Hong Kong Science and Technology Parks Corporation,1,0.01,Hong Kong Science and Technology Parks
DivcoWest,1,0.01,DivcoWest
Cyberfort Group Limited,1,0.01,Cyberfort Group
Inticon,1,0.01,Inticon
NEXLINX (Pvt.) Ltd,1,0.01,NEXLINX
Optus 916. GmbH,1,0.01,Optus 916
alstria office AG,1,0.01,alstria office
NFSi Telecom,1,0.01,NFSi Telecom
GFH Financial Group BSC,1,0.01,GFH Financial Group BSC
TISPA Tanzania Internet Service Providers Association,1,0.01,TISPA Tanzania Internet Service Providers Association
Databalance Services B.V.,1,0.01,Databalance Services
Kresco Finance S.A.-Spf,1,0.01,Kresco Finance S.A.-Spf
"BroadBased Communications, Inc.",1,0.01,BroadBased Communications
PCCW-HKT Limited,1,0.01,PCCW-HKT
Digital Residence,1,0.01,Digital Residence
Nikko Company,1,0.01,Nikko
Chaoxun Communication,1,0.01,Chaoxun Communication
Nd Net Aps,1,0.01,Nd Net
"On-Ramp Indiana, Inc.",1,0.01,On-Ramp Indiana
NOCPERU,1,0.01,NOCPERU
Canaan Inc.,1,0.01,Canaan
Nodex,1,0.01,Nodex
O.Y. Nofar Energy Ltd,1,0.01,O.Y. Nofar Energy
Nordata,1,0.01,Nordata
Nordjydsk IT Service,1,0.01,Nordjydsk IT Service
"Netwurx, Inc.",1,0.01,Netwurx
Internet Engineering Limited,1,0.01,Internet Engineering
Comwave,1,0.01,Comwave
COWA,1,0.01,COWA
Nostrum Group,1,0.01,Nostrum Group
Space Data Centres Ltd,1,0.01,Space Data Centres
Cwcs Managed Hosting Limited,1,0.01,Cwcs Managed Hosting
SDIN LLC,1,0.01,SDIN
Novatel EOOD,1,0.01,Novatel EOOD
Novokom,1,0.01,Novokom
EFICOM-Sinersio S.A.,1,0.01,EFICOM-Sinersio
Ns3 S.R.L.,1,0.01,Ns3
NetShop Internet Services Ltd,1,0.01,NetShop Internet Services
Norwegian University of Science and Technology,1,0.01,Norwegian University of Science and Technology
Nexis Inti Persada,1,0.01,Nexis Inti Persada
"NxN Datacenters, S.L.",1,0.01,"NxN Datacenters, S.L"
Primus,1,0.01,Primus
Lam Cloud Management Llc,1,0.01,Lam Cloud Management
Opti9 Technologies LLC,1,0.01,Opti9 Technologies
"Highstreet IT Solutions, LLC",1,0.01,Highstreet IT Solutions
"Gotham, Inc.",1,0.01,Gotham
"Hammer Communications, LLC",1,0.01,Hammer Communications
Thorn Communications Inc.,1,0.01,Thorn Communications
Grupo Aire,1,0.01,Grupo Aire
Obenetwork Ab,1,0.01,Obenetwork
Kamp Netzwerkdienste Gmbh,1,0.01,Kamp Netzwerkdienste
"Obit, Ooo",1,0.01,Obit
Open Connect Limited,1,0.01,Open Connect
Data Protectors,1,0.01,Data Protectors
"MIDCON Data Services, LLC.",1,0.01,MIDCON Data Services
"Rack59, Llc",1,0.01,Rack59
Omadata Surabaya Data Center,1,0.01,Omadata Surabaya Data Center
Oceinde,1,0.01,Oceinde
Ukrnames LLC,1,0.01,Ukrnames
African Infrastructure Investment Managers (Pty) Ltd.,1,0.01,African Infrastructure Investment Managers
Ontario Datacenter,1,0.01,Ontario Datacenter
Opciones,1,0.01,Opciones
"Montana Opticom, LLC",1,0.01,Montana Opticom
Optizon,1,0.01,Optizon
Rcg International,1,0.01,Rcg International
Orange Maroc,1,0.01,Orange Maroc
"Frontline Data Services, Inc.",1,0.01,Frontline Data Services
Orbit Telekom,1,0.01,Orbit Telekom
"Ace Data Centers, Inc.",1,0.01,Ace Data Centers
"Voonami, LLC",1,0.01,Voonami
"R.E. Stafford, Inc.",1,0.01,R.E. Stafford
Panasonic Holdings Corporation,1,0.01,Panasonic
CyrusOne KEP,1,0.01,CyrusOne
"NCI Systems Integration, Inc.",1,0.01,NCI Systems Integration
"Mitsui & Co., Ltd./Fidelity Investments",1,0.01,"Mitsui and Co., Ltd./Fidelity Investments"
ESR/Colt Data Centre Services UK Limited,1,0.01,Colt DCS
RTCloud,1,0.01,RTCloud
MediaDate,1,0.01,MediaDate
OTTColo,1,0.01,OTTColo
Oulun Datacenter Oy,1,0.01,Oulun Datacenter
OVERSUN-MERCURY Ltd,1,0.01,OVERSUN-MERCURY
Oyster Telecom,1,0.01,Oyster Telecom
"Chirisa Technology Parks/Machine Investment Group, LP",1,0.01,Chirisa Technology Parks/Machine Investment Group
Vegasystems Gmbh & Co. Kg,1,0.01,Vegasystems Gmbh and Co. Kg
VSIX,1,0.01,VSIX
Nehos S.r.l.,1,0.01,Nehos
Griffin Blockchain Services,1,0.01,Griffin Blockchain Services
Open Hub Med scarl,1,0.01,Open Hub Med scarl
"Skae Power Solutions, Llc",1,0.01,Skae Power Solutions
Panattoni Development Europe Sp z o.o.,1,0.01,Panattoni Development Europe
Panchshil Realty and Developers Private Limited,1,0.01,Panchshil Realty and Developers
Defense Datacenter,1,0.01,Defense Datacenter
Global SP,1,0.01,Global SP
Options Technology Limited,1,0.01,Options Technology
Ante Mediam,1,0.01,Ante Mediam
"Matan Companies, LLLP",1,0.01,"Matan Companies, LLLP"
"Parsec Data Management, Inc.",1,0.01,Parsec Data Management
University of naples parthenope,1,0.01,University of naples parthenope
IT Professional Services Limited,1,0.01,IT Professional Services
Yunio,1,0.01,Yunio
Yesjing,1,0.01,Yesjing
Sprint,1,0.01,Sprint
"Data Concepts, Inc.",1,0.01,Data Concepts
Technologiezentrum Perg GmbH,1,0.01,Technologiezentrum Perg
IBMM,1,0.01,IBMM
CNC,1,0.01,CNC
Santa Monica Networks SIA,1,0.01,Santa Monica Networks SIA
Baltcom,1,0.01,Baltcom
"Dc West, Llc",1,0.01,Dc West
Peru IX,1,0.01,Peru IX
Triple C,1,0.01,Triple C
Digital Realty Mivne,1,0.01,Digital Realty
CRF Computer Recovery Facility,1,0.01,CRF Computer Recovery Facility
PeterStar,1,0.01,PeterStar
Minto,1,0.01,Minto
Thin-nology LLC,1,0.01,Thin-nology
"Birch Infrastructure, PBLLC",1,0.01,"Birch Infrastructure, PBLLC"
Westbank Corp/PG&E Corporation,1,0.01,Westbank Corp/PG and E
Direct LTx,1,0.01,Direct LTx
Necessary Resources,1,0.01,Necessary Resources
"Razor Servers, Inc.",1,0.01,Razor Servers
"Keystone NAP, LLC",1,0.01,Keystone NAP
3607 Broadway Realty Associates,1,0.01,3607 Broadway Realty Associates
"Fibertech Networks, L.L.C.",1,0.01,Fibertech Networks
"ClearDATA Networks, Inc.",1,0.01,ClearDATA Networks
"Nexus Technologies, Inc.",1,0.01,Nexus Technologies
Saddleback Communications,1,0.01,Saddleback Communications
University of Phoenix,1,0.01,University of Phoenix
Phocea DC,1,0.01,Phocea DC
Naquadria Srl,1,0.01,Naquadria
Bare Metal Pittsburgh,1,0.01,Bare Metal Pittsburgh
"pair Networks, Inc.",1,0.01,pair Networks
"Sierra Technologies, Inc.",1,0.01,Sierra Technologies
"Teraswitch, Inc.",1,0.01,Teraswitch
"Northern Data US DCI Holdco, LLC",1,0.01,Northern Data
Ascent Data,1,0.01,Ascent Data
"Pixel Factory Data Center, Inc.",1,0.01,Pixel Factory Data Center
MyTelehaus Sdn Bhd,1,0.01,MyTelehaus
Planet IC GmbH,1,0.01,Planet IC
Planetahost,1,0.01,Planetahost
"Zafra, LLC",1,0.01,Zafra
Axarnet Comunicaciones SL,1,0.01,Axarnet Comunicaciones SL
Plus communications,1,0.01,Plus communications
PLUS4WEB,1,0.01,PLUS4WEB
Lokia Oy,1,0.01,Lokia
Congo Telecom,1,0.01,Congo Telecom
"Lightpoint Colocation & Hosting, LLC",1,0.01,Lightpoint Colocation and Hosting
"Spire Technologies, Inc.",1,0.01,Spire Technologies
"Sterling Communications, Inc.",1,0.01,Sterling Communications
Adentro,1,0.01,Adentro
Netcentrics,1,0.01,Netcentrics
Elite Limited,1,0.01,Elite
PortTelecom,1,0.01,PortTelecom
Power Grid Corporation of India Limited,1,0.01,Power Grid Corporation of India
New Power Host Ltd.,1,0.01,New Power Host
Datacenter PPNT,1,0.01,Datacenter PPNT
SafeDX,1,0.01,SafeDX
Casablanca Datacentre,1,0.01,Casablanca Datacentre
PremierDC Veri Merkezi A.S.,1,0.01,PremierDC Veri Merkezi
Pure Data Centres Group Ltd/SEGRO Plc,1,0.01,SEGRO
Creattiva Datacenter,1,0.01,Creattiva Datacenter
Prescient Data Centres Ltd.,1,0.01,Prescient Data Centres
Prime Telecom SRL,1,0.01,Prime Telecom
Profisol Telecom S.R.L.,1,0.01,Profisol Telecom
"Poolside, Inc.",1,0.01,Poolside
Strategic Real Estate Partners,1,0.01,Strategic Real Estate Partners
Project West WHP - GA LLC,1,0.01,Project West WHP - GA
Prometey OOO,1,0.01,Prometey
Pronet sh.p.k.,1,0.01,Pronet sh.p.k
PublicNic TR,1,0.01,PublicNic TR
PudLink,1,0.01,PudLink
Data Galaxy,1,0.01,Data Galaxy
"Fujian Douxun Technology Co., Ltd.",1,0.01,Fujian Douxun Technology
Future Digital Ltd,1,0.01,Future Digital
American Real Estate Partners,1,0.01,American Real Estate Partners
Data Centre 220,1,0.01,Data Centre 220
South Eastern Data Center Inc.,1,0.01,South Eastern Data Center
PowerTransitions LLC,1,0.01,PowerTransitions
Qupra Wholesale,1,0.01,Qupra Wholesale
Rack & Data,1,0.01,Rack and Data
UAB Interneto Vizija,1,0.01,UAB Interneto Vizija
Rackstore,1,0.01,Rackstore
WEBdev,1,0.01,WEBdev
Raduga,1,0.01,Raduga
"Alvarez & Marsal Property Investments, LLC",1,0.01,Alvarez and Marsal Property Investments
EdgeMicro Corp.,1,0.01,EdgeMicro
OOO Rambler Telecom,1,0.01,OOO Rambler Telecom
Datacate,1,0.01,Datacate
Unit-It Dienstleistungs GmbH,1,0.01,Unit-It Dienstleistungs
Raya Data Center,1,0.01,Raya Data Center
Rackbank Datacenters Private Limited,1,0.01,Rackbank Datacenters
Upstreamnet Communications GmbH,1,0.01,Upstreamnet Communications
DataCorpore,1,0.01,DataCorpore
Real Comm srl,1,0.01,Real Comm
Vescnet Provedores Do Brasil,1,0.01,Vescnet Provedores Do Brasil
1Telecom Servicos de Tecnologia em Internet Ltda,1,0.01,1Telecom Servicos de Tecnologia em Internet Ltda
Red Ace Capital Management Series XI Investors LLC,1,0.01,Red Ace Capital Management Series XI Investors
"Red Wolf, LLC",1,0.01,Red Wolf
REDtone Mobile Sdn. Bhd.,1,0.01,REDtone Mobile Sdn. Bhd
Dynamite Blockchain Corp.,1,0.01,Dynamite Blockchain
Relaix Networks Gmbh,1,0.01,Relaix Networks
Wildcard Networks,1,0.01,Wildcard Networks
Datar Gmbh,1,0.01,Datar
RENATA,1,0.01,RENATA
Keliweb S.R.L.,1,0.01,Keliweb
Sport Management and Consulting Agency,1,0.01,Sport Management and Consulting Agency
Red Fox Solutions Group,1,0.01,Red Fox Solutions Group
Riigi IT Keskus,1,0.01,Riigi IT Keskus
Emmex Limited,1,0.01,Emmex
Acorn Technology Corporation,1,0.01,Acorn Technology
Háskóli Íslands,1,0.01,Háskóli Íslands
Detecon Al Saudia Co. Ltd.,1,0.01,Detecon Al Saudia
King Saud bin Abdulaziz University for Health Sciences,1,0.01,King Saud bin Abdulaziz University for Health Sciences
NashirNet,1,0.01,NashirNet
Hexam2,1,0.01,Hexam2
Takoda Data Centers,1,0.01,Takoda Data Centers
CENTRA Digital Interconnect,1,0.01,CENTRA Digital Interconnect
Taylor & Mathis Inc.,1,0.01,Taylor and Mathis
Rockan Data Center Ab,1,0.01,Rockan Data Center
DataPoint,1,0.01,DataPoint
Kineticor Resource Corp.,1,0.01,Kineticor Resource
Enne Solutions B.V.,1,0.01,Enne Solutions
Rogers Capital Ltd,1,0.01,Rogers Capital
Romarg Srl,1,0.01,Romarg
Wind Tre Italia S.P.A.,1,0.01,Wind Tre Italia
Sipro,1,0.01,Sipro
Willam Darryl Edwards Living Trust,1,0.01,Willam Darryl Edwards Living
"Affordable Internet Services Online, Inc.",1,0.01,Affordable Internet Services Online
Easynet Nederland B.V.,1,0.01,Easynet Nederland
i3D.net B.V.,1,0.01,i3D.net
Bytesnet B.V.,1,0.01,Bytesnet
GreenScale Data Centres Ltd.,1,0.01,GreenScale Data Centres
JSC RTComm.RU,1,0.01,JSC RTComm.RU
RTComm-Siberia,1,0.01,RTComm-Siberia
"Zhengzhou Gainet Network Technology Co.,Ltd",1,0.01,Zhengzhou Gainet Network Technology
Ezditek,1,0.01,Ezditek
Data Core Innovations,1,0.01,Data Core Innovations
RUWeb,1,0.01,RUWeb
Rivne Region Internet Association,1,0.01,Rivne Region Internet Association
"Ryomo Internet Data Center Co., Ltd.",1,0.01,Ryomo Internet Data Center
Peter-Service,1,0.01,Peter-Service
S3 Company Ltd.,1,0.01,S3
inexio Informationstechnologie und Telekommunikation GmbH,1,0.01,inexio Informationstechnologie und Telekommunikation
Lanset America Corporation,1,0.01,Lanset America
"Nii Sokb, Ooo",1,0.01,Nii Sokb
Saglayici,1,0.01,Saglayici
AGS Corporation,1,0.01,AGS
Techno-Z9,1,0.01,Techno-Z9
Xneelo (Pty) Ltd,1,0.01,Xneelo
Samz Broadband Networx,1,0.01,Samz Broadband Networx
"SimpleNet, Inc.",1,0.01,SimpleNet
Instituto Costarricense de Electricidad,1,0.01,Instituto Costarricense de Electricidad
TIER4 SERVICES,1,0.01,TIER4 SERVICES
Critical Colocation,1,0.01,Critical Colocation
Hub Critical Networks Inc,1,0.01,Hub Critical Networks
"Digital West Networks, Inc.",1,0.01,Digital West Networks
G2K Hosting,1,0.01,G2K Hosting
Zen Internet Limited,1,0.01,Zen Internet
Key-Systems Datacenter GmbH,1,0.01,Key-Systems Datacenter
ChinaUnicom,1,0.01,ChinaUnicom
Arista Networks Inc,1,0.01,Arista Networks
Hosting.cl,1,0.01,Hosting.cl
IPXON Networks,1,0.01,IPXON Networks
WireNet Chile,1,0.01,WireNet Chile
Irix,1,0.01,Irix
Ole,1,0.01,Ole
CDZNET,1,0.01,CDZNET
CityNAP,1,0.01,CityNAP
SATC Co-Location Services,1,0.01,SATC Co-Location Services
Siteb Data,1,0.01,Siteb Data
Sabre56,1,0.01,Sabre56
Exim Host srl,1,0.01,Exim Host
Scalemax,1,0.01,Scalemax
Scaleup Technologies Gmbh & Co. Kg,1,0.01,Scaleup Technologies Gmbh and Co. Kg
Scandinavian Data Centers AB,1,0.01,Scandinavian Data Centers
South China Advanced Material Innovation Park,1,0.01,South China Advanced Material Innovation Park
SparkStation,1,0.01,SparkStation
"CariNet, Inc.",1,0.01,CariNet
Adtaq Internet,1,0.01,Adtaq Internet
Bothell Data Services,1,0.01,Bothell Data Services
Pacific Internet,1,0.01,Pacific Internet
CherryRoad Technologies Inc.,1,0.01,CherryRoad Technologies
Kedia Infotech Ltd.,1,0.01,Kedia Infotech
Secure Data Center Aps,1,0.01,Secure Data Center
"Technology Solutions of SC, Inc.",1,0.01,Technology Solutions of SC
senseLAN,1,0.01,senseLAN
Skali Group,1,0.01,Skali Group
SerinIX,1,0.01,SerinIX
Sundsvall Energi AB,1,0.01,Sundsvall Energi
Server,1,0.01,Server
Fastnet,1,0.01,Fastnet
Servicios Informaticos Hostname,1,0.01,Servicios Informaticos Hostname
Severen-Volga,1,0.01,Severen-Volga
Axión Infraestructuras de Telecomunicaciones S.A.U.,1,0.01,Axión Infraestructuras de Telecomunicaciones S.A.U
JTC Corporation,1,0.01,JTC
iConz Digital,1,0.01,iConz Digital
HDC Data Centre Limited,1,0.01,HDC Data Centre
Powerware Systems Sdn. Bhd.,1,0.01,Powerware Systems Sdn. Bhd
"Jinggong Group Co., Ltd.",1,0.01,Jinggong Group
HOLDING XEFI SARL/XEFI Software,1,0.01,HOLDING XEFI SARL/XEFI Software
HOLDING XEFI SARL,1,0.01,HOLDING XEFI
Safe House Data Center,1,0.01,Safe House Data Center
Shenzhen Stock Exchange,1,0.01,Shenzhen Stock Exchange
Leaguer Newspapers,1,0.01,Leaguer Newspapers
Founder Holdings Limited,1,0.01,Founder
Luxxfolio Holdings Inc.,1,0.01,Luxxfolio
"Sichuan Shutian Information Technology Co., Ltd.",1,0.01,Sichuan Shutian Information Technology
OJSC Sibirtelecom,1,0.01,OJSC Sibirtelecom
Sibmain,1,0.01,Sibmain
Le Groupe Sigma,1,0.01,Le Groupe Sigma
Blackpool Council,1,0.01,Blackpool Council
Sotea A/S,1,0.01,Sotea A/S
HPC Data Centres,1,0.01,HPC Data Centres
Simbanet Com Ltd,1,0.01,Simbanet Com
"Simple Helix, LLC",1,0.01,Simple Helix
Simplex,1,0.01,Simplex
Awan Data Centre Pte. Ltd,1,0.01,Awan Data Centre
Racks Central Pte Ltd.,1,0.01,Racks Central
ViewQwest Pte Ltd.,1,0.01,ViewQwest
SIS Hosting,1,0.01,SIS Hosting
SUPERNAP,1,0.01,SUPERNAP
Ellis Partners LLC,1,0.01,Ellis Partners
"SK Telecom Co., Ltd.",1,0.01,SK Telecom
NAVISITE OPCO LLC,1,0.01,NAVISITE OPCO
"Korea Investment Real Asset Management Co., Ltd.",1,0.01,Korea Investment Real Asset Management
Sabah Net Sdn Bhd,1,0.01,Sabah Net
Telepoint Ltd.,1,0.01,Telepoint
Tas France Eurl,1,0.01,Tas France Eurl
China IDCW,1,0.01,China IDCW
Solcon Internetdiensten N.V.,1,0.01,Solcon Internetdiensten
Soft Mining,1,0.01,Soft Mining
Sostradata,1,0.01,Sostradata
"Aunalytics, Inc.",1,0.01,Aunalytics
"South Point Phase II, LLC",1,0.01,South Point Phase II
BBP Telecom,1,0.01,BBP Telecom
"CMA Consultoria, Métodos, Assessoria e Mercantil S/A",1,0.01,"CMA Consultoria, Métodos, Assessoria e Mercantil S/A"
Horizons Telecomunicacoes E Tecnologia S.A.,1,0.01,Horizons Telecomunicacoes E Tecnologia
Sianet Business Hosting,1,0.01,Sianet Business Hosting
Odata S.A.,1,0.01,Odata
"Cielo Digital Infrastructure, LLC",1,0.01,Cielo Digital Infrastructure
LightHouse Data Centers LLC,1,0.01,LightHouse Data Centers
Speedbone Internet & Connectivity GmbH,1,0.01,Speedbone Internet and Connectivity
Sprint Data Center,1,0.01,Sprint Data Center
Idash Group Ltd,1,0.01,Idash Group
IO-Hosts,1,0.01,IO-Hosts
PiN Telecom,1,0.01,PiN Telecom
St. Petersburg Payphones,1,0.01,St. Petersburg Payphones
Bitrail Inc.,1,0.01,Bitrail
Stack Kazan,1,0.01,Stack Kazan
"Omega Systems Consultants, Inc.",1,0.01,Omega Systems Consultants
Jigowatt,1,0.01,Jigowatt
"Huntleigh Telecommunications Group, Inc.",1,0.01,Huntleigh Telecommunications Group
Ngn Bilgi Teknolojileri Veri Merkezi Hizmetleri Ve Danismanlik Anonim Sirketi,1,0.01,Ngn Bilgi Teknolojileri Veri Merkezi Hizmetleri Ve Danismanlik Anonim Sirketi
Star Vault AB (publ),1,0.01,Star Vault
Cloud Vault S.r.l.,1,0.01,Cloud Vault
"Borderplex Digital Assets, Llc",1,0.01,Borderplex Digital Assets
STELLAR-IX S.A.,1,0.01,STELLAR-IX
RSC Investment Management,1,0.01,RSC Investment Management
"Stratus Technologies, Inc.",1,0.01,Stratus Technologies
Technidata It Ag,1,0.01,Technidata It
Sudatel Telecom Group Limited,1,0.01,Sudatel Telecom Group
AboutBit Inc.,1,0.01,AboutBit
Big Watt Digital,1,0.01,Big Watt Digital
Sunbreak Electronics,1,0.01,Sunbreak Electronics
Super Effort Technology,1,0.01,Super Effort Technology
Superb Internet Corporation,1,0.01,Superb Internet
SC3,1,0.01,SC3
Supernet Limited,1,0.01,Supernet
Surfplanet Gmbh,1,0.01,Surfplanet
Aegis Data Ltd,1,0.01,Aegis Data
Invesco Real Estate Limited,1,0.01,Invesco Real Estate
"City of Sweeny, Texas",1,0.01,"City of Sweeny, Texas"
Swiss Data Safe Ag,1,0.01,Swiss Data Safe
Swisscolocation,1,0.01,Swisscolocation
Nexon Asia Pacific Pty. Ltd.,1,0.01,Nexon Asia Pacific
Uk Dedicated Servers Ltd.,1,0.01,Uk Dedicated Servers
"Ingenuity, Inc.",1,0.01,Ingenuity
Secure Connect Pty,1,0.01,Secure Connect
Silverlink Technologies,1,0.01,Silverlink Technologies
Silverdata IT Solutions,1,0.01,Silverdata IT Solutions
TraiTel Telecommunications,1,0.01,TraiTel Telecommunications
Trifalga DC,1,0.01,Trifalga DC
"Strategic Datasphere, LLC",1,0.01,Strategic Datasphere
"Legacy Investing, LLC",1,0.01,Legacy Investing
Sentia Group B.V.,1,0.01,Sentia Group
Optic Fusion Inc.,1,0.01,Optic Fusion
China Communication Group Ltd.,1,0.01,China Communication Group
SUBLIME IP,1,0.01,SUBLIME IP
Talido,1,0.01,Talido
Wavecom As,1,0.01,Wavecom
Tele2 Eesti A/S,1,0.01,Tele2 Eesti A/S
Rapid Systems Inc.,1,0.01,Rapid Systems
ABT infoCloud,1,0.01,ABT infoCloud
Lahtiset Yhtyma,1,0.01,Lahtiset Yhtyma
Tanzania Internet eXchange,1,0.01,Tanzania Internet eXchange
ED Services Limited,1,0.01,ED Services
Cloud9,1,0.01,Cloud9
Techno Digital,1,0.01,Techno Digital
The Blackchamber Group,1,0.01,The Blackchamber Group
Technopark Zhigulevskaya Dolina,1,0.01,Technopark Zhigulevskaya Dolina
TechnoGorod,1,0.01,TechnoGorod
Fizy Medya Internet ve Bilisim Teknolojileri Limited,1,0.01,Fizy Medya Internet ve Bilisim Teknolojileri
Teknosos Bilisim Hizmetleri,1,0.01,Teknosos Bilisim Hizmetleri
Teknovatus,1,0.01,Teknovatus
Alphalink Developpement SAS,1,0.01,Alphalink Developpement
RINEX Rwanda Internet Exchange,1,0.01,RINEX Rwanda Internet Exchange
Telecom Namibia Limited,1,0.01,Telecom Namibia
"Teledata De Moçambique, Lda",1,0.01,"Teledata De Moçambique, Lda"
Telehouse SPBIX,1,0.01,Telehouse SPBIX
TMK-Telehouse,1,0.01,TMK-Telehouse
"Slovak Telekom, a.s. d/b/a T-com",1,0.01,"Slovak Telekom, a.s. d/b/a T-com"
Tealium Inc.,1,0.01,Tealium
Teliti International Ltd.,1,0.01,Teliti International
Telnet Srl,1,0.01,Telnet
Telros,1,0.01,Telros
Centuria Industrial REIT,1,0.01,Centuria Industrial
Omnis Network LLC,1,0.01,Omnis Network
Terra Venture Partners,1,0.01,Terra Venture Partners
Terrahost AS,1,0.01,Terrahost
Getronics Services UK Ltd,1,0.01,Getronics Services UK
Jordan Mobile Telephone Services JMTS,1,0.01,Jordan Mobile Telephone Services JMTS
One System,1,0.01,One System
The Energy Data Center,1,0.01,The Energy Data Center
ST Electronics (Data Centre Solutions) Pte Ltd.,1,0.01,ST Electronics
Bee Information Technology PH Inc.,1,0.01,Bee Information Technology PH
EdgeDC,1,0.01,EdgeDC
Interworks S.A.,1,0.01,Interworks
"Cloudsite Development, LLC",1,0.01,Cloudsite Development
Tianjin TISCO & TPCO Stainless Steel Co. Ltd.,1,0.01,Tianjin TISCO and TPCO Stainless Steel
NBrlX,1,0.01,NBrlX
Tier Srl,1,0.01,Tier
TietoEVRY Oyj,1,0.01,TietoEVRY Oyj
Viridium,1,0.01,Viridium
Albanian Telecommunications Union LLC,1,0.01,Albanian Telecommunications Union
TKC Corporation,1,0.01,TKC
Hong Kong Exchanges and Clearing Limited,1,0.01,Hong Kong Exchanges and Clearing
TNS Chile,1,0.01,TNS Chile
Togliatti Telecom,1,0.01,Togliatti Telecom
"Tohoku Information Systems Co., Inc",1,0.01,Tohoku Information Systems
Japan Land Ltd.,1,0.01,Japan Land
"Otsuka Warehouse Co., Ltd.",1,0.01,Otsuka Warehouse
"Japan Exchange Group, Inc.",1,0.01,Japan Exchange Group
"Yamato System Development Co., Ltd.",1,0.01,Yamato System Development
"TRC, Inc.",1,0.01,TRC
"The Sankei Building Co., Ltd.",1,0.01,The Sankei Building
Priority Colo Inc.,1,0.01,Priority Colo
SevenL Communications GmbH,1,0.01,SevenL Communications
"Pathway Communications, Inc.",1,0.01,Pathway Communications
Cover-All Alberta Ltd.,1,0.01,Cover-All Alberta
Exea Data Center,1,0.01,Exea Data Center
XL 360,1,0.01,XL 360
Centrinuity,1,0.01,Centrinuity
On Q Communications Limited,1,0.01,On Q Communications
Dedagroup S.p.A.,1,0.01,Dedagroup
Trijit Web Services,1,0.01,Trijit Web Services
Trans-Sahara (HB Group),1,0.01,Trans-Sahara
Libya Telecom & Technology,1,0.01,Libya Telecom and Technology
R7 Miner,1,0.01,R7 Miner
I-Teco Company,1,0.01,I-Teco
TSBG Hosting,1,0.01,TSBG Hosting
TSUA,1,0.01,TSUA
Angelo Gordon,1,0.01,Angelo Gordon
Data3 Corporation,1,0.01,Data3
Isocentric Ltd,1,0.01,Isocentric
OCOSA Data Center,1,0.01,OCOSA Data Center
"Tulsa Technology Center, Inc.",1,0.01,Tulsa Technology Center
Kraftringen AB,1,0.01,Kraftringen
TurkNet Iletisim Hizmetleri A.S.,1,0.01,TurkNet Iletisim Hizmetleri
IC2Net,1,0.01,IC2Net
"Server Technology, Inc.",1,0.01,Server Technology
Savecom International Inc.,1,0.01,Savecom International
Barrio Energy LLC,1,0.01,Barrio Energy
Tzee,1,0.01,Tzee
UARNet,1,0.01,UARNet
JSC Ucomline,1,0.01,JSC Ucomline
Universidade Eduardo Mondlane,1,0.01,Universidade Eduardo Mondlane
Ufinet Latam SL,1,0.01,Ufinet Latam SL
Ukrainian Internet Names Center,1,0.01,Ukrainian Internet Names Center
Proact IT Norge AS,1,0.01,Proact IT Norge
SWU Stadtwerke Ulm/Neu-Ulm GmbH,1,0.01,SWU Stadtwerke Ulm/Neu-Ulm
Light Leon,1,0.01,Light Leon
SysEleven GmbH,1,0.01,SysEleven
Unitas Global LLC,1,0.01,Unitas Global
Colosseum Online,1,0.01,Colosseum Online
In2net Network Inc.,1,0.01,In2net Network
Universitetet i Bergen,1,0.01,Universitetet i Bergen
DTS Limited,1,0.01,DTS
"Chesterfield County, VA Water and Sewer Enterprise",1,0.01,"Chesterfield County, VA Water and Sewer Enterprise"
Uptyme Solutions Group,1,0.01,Uptyme Solutions Group
RAM Infotechnology B.V.,1,0.01,RAM Infotechnology
OfficeLink Kft,1,0.01,OfficeLink Kft
Open Hosting,1,0.01,Open Hosting
VADS Berhad,1,0.01,VADS
Hourigan Development LLC,1,0.01,Hourigan Development
VALCO Caroline County,1,0.01,VALCO Caroline County
Sologigabit,1,0.01,Sologigabit
ValueHost,1,0.01,ValueHost
W3 Media Com,1,0.01,W3 Media Com
Atlas Blockchain Group Inc.,1,0.01,Atlas Blockchain Group
Happier It,1,0.01,Happier It
Dynaworx,1,0.01,Dynaworx
Varna Data Center,1,0.01,Varna Data Center
QuickNet AB,1,0.01,QuickNet
Pillar 247 Inc.,1,0.01,Pillar 247
Iton/Datad Automatisering,1,0.01,Iton/Datad Automatisering
Vee Time Corp.,1,0.01,Vee Time
Institut informacijskih znanosti,1,0.01,Institut informacijskih znanosti
Veganet,1,0.01,Veganet
Rackone S.R.L.,1,0.01,Rackone
"Inter Square Co., Ltd.",1,0.01,Inter Square
LaserMine,1,0.01,LaserMine
Verinomi Bilisim,1,0.01,Verinomi Bilisim
VeriTeknik B.V.,1,0.01,VeriTeknik
VERSIJA,1,0.01,VERSIJA
"Verrus, LLC",1,0.01,Verrus
Taiwan Star Telecom Corporation Limited,1,0.01,Taiwan Star Telecom
7081936 Canada Inc.,1,0.01,7081936 Canada
Danube It Services GmbH,1,0.01,Danube It Services
T-Mobile International Austria GmbH,1,0.01,T-Mobile International Austria
Universitat Wien,1,0.01,Universitat Wien
Datahouse Belgium Bvba,1,0.01,Datahouse Belgium Bvba
Telxius Telecom S.A.,1,0.01,Telxius Telecom
Hitachi Vantara Limited,1,0.01,Hitachi Vantara
Virtury Cloud,1,0.01,Virtury Cloud
PE Vizit-Service,1,0.01,PE Vizit-Service
VKontakte Ltd,1,0.01,VKontakte
Vodafone Group Public Limited Company/Damac Data Centres,1,0.01,Vodafone
Friktoria,1,0.01,Friktoria
Voxility SRL,1,0.01,Voxility
Edgeit Ab,1,0.01,Edgeit
GreenSquaredc Pty Ltd,1,0.01,GreenSquaredc
"NJFX, LLC",1,0.01,NJFX
Warsaw DC Sp Z o.o.,1,0.01,Warsaw DC
Exatel SA,1,0.01,Exatel
Connected,1,0.01,Connected
Telekomunikacja Polska Sp. z o.o,1,0.01,Telekomunikacja Polska
Varion,1,0.01,Varion
MNI Spólka Akcyjna,1,0.01,MNI Spólka Akcyjna
Hector Inc,1,0.01,Hector
"Alliance Resource Partners, L.P.",1,0.01,Alliance Resource Partners
WAW Telecom,1,0.01,WAW Telecom
Greykite Investment Adviser Limited,1,0.01,Greykite Investment Adviser
Web Data Center,1,0.01,Web Data Center
Webmasters,1,0.01,Webmasters
Webnet Solutions S.R.L.,1,0.01,Webnet Solutions
WebNX,1,0.01,WebNX
Webspesialisten As,1,0.01,Webspesialisten
Weiyong,1,0.01,Weiyong
Safenames Data Centre Limited,1,0.01,Safenames Data Centre
Acsdata,1,0.01,Acsdata
ASICSPACE Co.,1,0.01,ASICSPACE
CDS,1,0.01,CDS
GJWWW,1,0.01,GJWWW
West Africa Data Centers Ltd,1,0.01,West Africa Data Centers
Canhost,1,0.01,Canhost
JSC Westcall Ltd.,1,0.01,JSC Westcall
Cohere Cyber Secure,1,0.01,Cohere Cyber Secure
Keppel Ltd.,1,0.01,Keppel
Advanced Data Centres,1,0.01,Advanced Data Centres
Meridian Capital,1,0.01,Meridian Capital
Lumos Digital Inc.,1,0.01,Lumos Digital
Slate Office REIT,1,0.01,Slate Office
"Digital Realty Trust, Inc./Digital Core REIT",1,0.01,Digital Realty
Windcloud 4.0 Gmbh,1,0.01,Windcloud 4.0
"Protected Trust, LLC",1,0.01,Protected
O'Leary Ventures,1,0.01,OLeary Ventures
IronGate S.L.,1,0.01,IronGate S.L
CLP Holdings Limited,1,0.01,CLP
"SolidSpace, LLC",1,0.01,SolidSpace
MyE,1,0.01,MyE
Tecnoland (Xarxa Soft - RLC),1,0.01,Tecnoland
Rosenergoatom Joint Stock Company,1,0.01,Rosenergoatom Joint Stock
Xfiber AS,1,0.01,Xfiber
"Xiandai Investment Co.,Ltd",1,0.01,Xiandai Investment
TefaQianxi,1,0.01,TefaQianxi
XMission LC,1,0.01,XMission LC
S.C. Web Class It S.R.L,1,0.01,S.C. Web Class It
"Edgecore Pfv Co., Ltd.",1,0.01,EdgeCore
IDCC,1,0.01,IDCC
SPDNS,1,0.01,SPDNS
YarTranzitTelecom CJSC,1,0.01,YarTranzitTelecom CJSC
XBMS B.V.,1,0.01,XBMS
Yoncu Bilisim,1,0.01,Yoncu Bilisim
"Beijing Cnlink Networks Technology Co., Ltd.",1,0.01,Beijing Cnlink Networks Technology
Calpine Corporation,1,0.01,Calpine
YunshangTianfu,1,0.01,YunshangTianfu
Metronet Home d.o.o.,1,0.01,Metronet Home
Terracom Gmbh Technik Und Dienste FÜR Datentransfer,1,0.01,Terracom Gmbh Technik Und Dienste FÜR Datentransfer
University Computing Center,1,0.01,University Computing Center
Zain Bahrain B.S.C.,1,0.01,Zain Bahrain B.S.C
Zanzibar Telecom Limited,1,0.01,Zanzibar Telecom
Oman Data Park LLC,1,0.01,Oman Data Park
Redestel,1,0.01,Redestel
Infotechna,1,0.01,Infotechna
"Beijing Cloud Union Co., Ltd.",1,0.01,Beijing Cloud Union
Huirui Big Data Center,1,0.01,Huirui Big Data Center
SNP Poland Sp. z o.o.,1,0.01,SNP Poland
Colocenter BV,1,0.01,Colocenter
Colozuri.ch,1,0.01,Colozuri.ch
Infomex Limited,1,0.01,Infomex
